# Blender v2.79 (sub 0) OBJ File: 'bowling_pin.blend'
# www.blender.org
v -0.083491 0.013251 0.024085
v -0.108998 0.076798 0.041185
v -0.111977 0.076798 0.031720
v -0.115421 0.076798 0.012187
v -0.086042 0.013251 0.009617
v -0.066647 0.013251 0.056448
v -0.071638 0.025185 0.060634
v -0.076456 0.025185 0.054348
v -0.071121 0.013251 0.050614
v -0.089241 0.076798 0.075405
v -0.095278 0.076798 0.067529
v -0.100610 0.076798 0.059157
v -0.105195 0.076798 0.050352
v -0.078468 0.013251 0.037889
v -0.044225 0.013251 0.075262
v -0.047481 0.025185 0.080903
v -0.054160 0.025185 0.076643
v -0.050423 0.013251 0.071309
v -0.060443 0.025185 0.071821
v -0.056257 0.013251 0.066832
v -0.067339 0.076798 0.095468
v -0.082532 0.076798 0.082720
v -0.061679 0.013251 0.061867
v -0.066285 0.025185 0.066470
v -0.016721 0.013251 0.085274
v -0.023897 0.013251 0.083679
v -0.030909 0.013251 0.081466
v -0.021842 0.076798 0.114317
v -0.031529 0.076798 0.112165
v -0.050167 0.076798 0.105383
v -0.037701 0.013251 0.078653
v -0.040456 0.025185 0.084556
v 0.012551 0.013251 0.085274
v -0.002085 0.013251 0.086550
v 0.017672 0.076798 0.114317
v -0.002085 0.076798 0.116039
v 0.040055 0.013251 0.075262
v 0.043311 0.025185 0.080903
v 0.036286 0.025185 0.084556
v 0.033532 0.013251 0.078653
v 0.026739 0.013251 0.081466
v 0.045997 0.076798 0.105383
v 0.027360 0.076798 0.112165
v 0.019727 0.013251 0.083679
v 0.062477 0.013251 0.056448
v 0.067468 0.025185 0.060634
v 0.062115 0.025185 0.066470
v 0.057509 0.013251 0.061867
v 0.056273 0.025185 0.071821
v 0.052087 0.013251 0.066832
v 0.085071 0.076798 0.075405
v 0.078363 0.076798 0.082720
v 0.063169 0.076798 0.095468
v 0.046253 0.013251 0.071309
v 0.049990 0.025185 0.076643
v 0.074298 0.013251 0.037889
v 0.104828 0.076798 0.041185
v 0.101025 0.076798 0.050352
v 0.096440 0.076798 0.059157
v 0.091108 0.076798 0.067529
v 0.066951 0.013251 0.050614
v 0.072286 0.025185 0.054348
v 0.081872 0.013251 0.009617
v 0.111251 0.076798 0.012187
v 0.107807 0.076798 0.031720
v 0.079321 0.013251 0.024085
v 0.079321 0.013251 -0.019539
v 0.104828 0.076798 -0.036640
v 0.107807 0.076798 -0.027174
v 0.111251 0.076798 -0.007642
v 0.081872 0.013251 -0.005072
v 0.062477 0.013251 -0.051902
v 0.067468 0.025185 -0.056088
v 0.072286 0.025185 -0.049802
v 0.066951 0.013251 -0.046068
v 0.085071 0.076798 -0.070859
v 0.091108 0.076798 -0.062984
v 0.096440 0.076798 -0.054612
v 0.101025 0.076798 -0.045807
v 0.074298 0.013251 -0.033344
v 0.040055 0.013251 -0.070717
v 0.043311 0.025185 -0.076358
v 0.049990 0.025185 -0.072098
v 0.046253 0.013251 -0.066763
v 0.056273 0.025185 -0.067275
v 0.052087 0.013251 -0.062286
v 0.063169 0.076798 -0.090923
v 0.078363 0.076798 -0.078175
v 0.057509 0.013251 -0.057321
v 0.062115 0.025185 -0.061925
v 0.012551 0.013251 -0.080729
v 0.019727 0.013251 -0.079133
v 0.026739 0.013251 -0.076920
v 0.027360 0.076798 -0.107619
v 0.045997 0.076798 -0.100837
v 0.033532 0.013251 -0.074108
v 0.036286 0.025185 -0.080010
v -0.016721 0.013251 -0.080729
v -0.009430 0.013251 -0.081685
v -0.012002 0.076798 -0.111063
v 0.007832 0.076798 -0.111063
v 0.005260 0.013251 -0.081685
v -0.044225 0.013251 -0.070717
v -0.047481 0.025185 -0.076358
v -0.040456 0.025185 -0.080010
v -0.037701 0.013251 -0.074108
v -0.030909 0.013251 -0.076920
v -0.050167 0.076798 -0.100837
v -0.031529 0.076798 -0.107619
v -0.023897 0.013251 -0.079133
v -0.066647 0.013251 -0.051902
v -0.071638 0.025185 -0.056088
v -0.066285 0.025185 -0.061925
v -0.061679 0.013251 -0.057321
v -0.060443 0.025185 -0.067275
v -0.056257 0.013251 -0.062286
v -0.089241 0.076798 -0.070859
v -0.082532 0.076798 -0.078175
v -0.067339 0.076798 -0.090923
v -0.050423 0.013251 -0.066763
v -0.054160 0.025185 -0.072098
v -0.078468 0.013251 -0.033344
v -0.108998 0.076798 -0.036640
v -0.105195 0.076798 -0.045807
v -0.100610 0.076798 -0.054612
v -0.095278 0.076798 -0.062984
v -0.071121 0.013251 -0.046068
v -0.076456 0.025185 -0.049802
v -0.086042 0.013251 -0.005072
v -0.115421 0.076798 -0.007642
v -0.111977 0.076798 -0.027174
v -0.083491 0.013251 -0.019539
v -0.061536 0.723334 0.018203
v -0.059923 0.723334 0.023324
v -0.063636 0.723334 0.002273
v -0.063398 0.723334 0.007637
v -0.063472 0.696844 0.002273
v -0.063237 0.696844 0.007623
v -0.062537 0.696844 0.012932
v -0.061378 0.696844 0.018161
v -0.059770 0.696844 0.023269
v -0.052502 0.723334 0.037575
v -0.049235 0.723334 0.041837
v -0.057868 0.723334 0.028284
v -0.057720 0.696844 0.028215
v -0.052370 0.696844 0.037482
v -0.049111 0.696844 0.041732
v -0.037387 0.723334 0.052689
v -0.032861 0.723334 0.055576
v -0.041647 0.723334 0.049420
v -0.045606 0.723334 0.045794
v -0.045492 0.696844 0.045677
v -0.037295 0.696844 0.052557
v -0.032779 0.696844 0.055436
v -0.018015 0.723334 0.061724
v -0.012773 0.723334 0.062889
v -0.023136 0.723334 0.060108
v -0.028096 0.723334 0.058053
v -0.028027 0.696844 0.057905
v -0.023078 0.696844 0.059955
v -0.017973 0.696844 0.061566
v -0.012744 0.696844 0.062728
v 0.003279 0.723334 0.063586
v 0.008603 0.723334 0.062889
v -0.007449 0.723334 0.063586
v -0.007436 0.696844 0.063425
v 0.003266 0.696844 0.063425
v 0.008574 0.696844 0.062728
v 0.023926 0.723334 0.058053
v 0.028691 0.723334 0.055576
v 0.018966 0.723334 0.060108
v 0.013846 0.723334 0.061724
v 0.013803 0.696844 0.061566
v 0.018908 0.696844 0.059955
v 0.023858 0.696844 0.057905
v 0.028609 0.696844 0.055436
v 0.041436 0.723334 0.045794
v 0.045065 0.723334 0.041837
v 0.037477 0.723334 0.049420
v 0.033217 0.723334 0.052689
v 0.033125 0.696844 0.052557
v 0.041323 0.696844 0.045677
v 0.044941 0.696844 0.041732
v 0.053698 0.723334 0.028284
v 0.055753 0.723334 0.023324
v 0.048332 0.723334 0.037575
v 0.048200 0.696844 0.037482
v 0.053550 0.696844 0.028215
v 0.055600 0.696844 0.023269
v 0.059229 0.723334 0.007637
v 0.059466 0.723334 0.002273
v 0.057367 0.723334 0.018203
v 0.057208 0.696844 0.018161
v 0.058368 0.696844 0.012932
v 0.059067 0.696844 0.007623
v 0.059302 0.696844 0.002273
v 0.057367 0.723334 -0.013658
v 0.055753 0.723334 -0.018779
v 0.059229 0.723334 -0.003091
v 0.059067 0.696844 -0.003078
v 0.058368 0.696844 -0.008386
v 0.057208 0.696844 -0.013616
v 0.055600 0.696844 -0.018723
v 0.048332 0.723334 -0.033030
v 0.045065 0.723334 -0.037292
v 0.053698 0.723334 -0.023739
v 0.053550 0.696844 -0.023670
v 0.048200 0.696844 -0.032937
v 0.044941 0.696844 -0.037187
v 0.033217 0.723334 -0.048144
v 0.028691 0.723334 -0.051031
v 0.037477 0.723334 -0.044874
v 0.041436 0.723334 -0.041248
v 0.041323 0.696844 -0.041132
v 0.033125 0.696844 -0.048012
v 0.028609 0.696844 -0.050891
v 0.013846 0.723334 -0.057179
v 0.008603 0.723334 -0.058344
v 0.018966 0.723334 -0.055563
v 0.023926 0.723334 -0.053508
v 0.023858 0.696844 -0.053363
v 0.018908 0.696844 -0.055409
v 0.013803 0.696844 -0.057020
v 0.008574 0.696844 -0.058182
v -0.007449 0.723334 -0.059041
v -0.012773 0.723334 -0.058344
v 0.003279 0.723334 -0.059041
v 0.003266 0.696844 -0.058880
v -0.007436 0.696844 -0.058880
v -0.012744 0.696844 -0.058182
v -0.028096 0.723334 -0.053508
v -0.032861 0.723334 -0.051031
v -0.023136 0.723334 -0.055563
v -0.018015 0.723334 -0.057179
v -0.017973 0.696844 -0.057020
v -0.023078 0.696844 -0.055409
v -0.028027 0.696844 -0.053363
v -0.032779 0.696844 -0.050891
v -0.045606 0.723334 -0.041248
v -0.049235 0.723334 -0.037292
v -0.041647 0.723334 -0.044874
v -0.037387 0.723334 -0.048144
v -0.037295 0.696844 -0.048012
v -0.045492 0.696844 -0.041132
v -0.049111 0.696844 -0.037187
v -0.057868 0.723334 -0.023739
v -0.059923 0.723334 -0.018779
v -0.052502 0.723334 -0.033030
v -0.052370 0.696844 -0.032937
v -0.057720 0.696844 -0.023670
v -0.059770 0.696844 -0.018723
v -0.063398 0.723334 -0.003091
v -0.061536 0.723334 -0.013658
v -0.061378 0.696844 -0.013616
v -0.062537 0.696844 -0.008386
v -0.063237 0.696844 -0.003078
v -0.141041 0.415625 0.052848
v -0.144916 0.415625 0.040543
v -0.152588 0.370475 0.042601
v -0.148505 0.370475 0.055565
v -0.149389 0.415625 0.015161
v -0.159623 0.347150 0.016053
v -0.160231 0.347150 0.002273
v -0.156045 0.323814 0.043528
v -0.151869 0.323814 0.056791
v -0.154835 0.347150 0.043203
v -0.115363 0.415626 0.097325
v -0.123212 0.415626 0.087086
v -0.130139 0.415626 0.076205
v -0.129717 0.370475 0.091644
v -0.121448 0.370475 0.102430
v -0.137019 0.370475 0.080177
v -0.136100 0.415626 0.064764
v -0.140119 0.323814 0.081968
v -0.139034 0.347150 0.081342
v -0.132651 0.323814 0.093696
v -0.124192 0.323814 0.104730
v -0.123230 0.347150 0.103925
v -0.131623 0.347150 0.092978
v -0.076022 0.415626 0.130335
v -0.086898 0.415626 0.123400
v -0.091454 0.370475 0.129907
v -0.079994 0.370475 0.137215
v -0.106645 0.415626 0.106830
v -0.113908 0.347150 0.114093
v -0.093508 0.323814 0.132839
v -0.081782 0.323814 0.140315
v -0.081156 0.347150 0.139230
v -0.092790 0.347150 0.131814
v -0.027763 0.415626 0.147900
v -0.040356 0.415626 0.145103
v -0.064576 0.415626 0.136288
v -0.068918 0.347150 0.145595
v -0.029546 0.347150 0.158015
v -0.043013 0.347150 0.155023
v 0.010803 0.415626 0.149577
v 0.011197 0.393420 0.154085
v -0.002085 0.415626 0.150137
v -0.002085 0.393420 0.154664
v -0.002085 0.347150 0.160408
v 0.025376 0.347150 0.158015
v 0.011698 0.347150 0.159808
v 0.071853 0.415626 0.130335
v 0.060406 0.415626 0.136288
v 0.075825 0.370475 0.137215
v 0.036186 0.415626 0.145103
v 0.038843 0.347150 0.155023
v 0.077613 0.323814 0.140315
v 0.076987 0.347150 0.139230
v 0.064748 0.347150 0.145595
v 0.111193 0.415626 0.097325
v 0.102475 0.415626 0.106830
v 0.117278 0.370475 0.102430
v 0.082728 0.415626 0.123400
v 0.087284 0.370475 0.129907
v 0.089339 0.323814 0.132839
v 0.088620 0.347150 0.131814
v 0.120022 0.323814 0.104730
v 0.119060 0.347150 0.103925
v 0.109738 0.347150 0.114093
v 0.136871 0.415625 0.052848
v 0.131930 0.415626 0.064764
v 0.125969 0.415626 0.076205
v 0.144335 0.370475 0.055565
v 0.132849 0.370475 0.080177
v 0.119042 0.415626 0.087086
v 0.125547 0.370475 0.091644
v 0.128481 0.323814 0.093696
v 0.127454 0.347150 0.092978
v 0.135950 0.323814 0.081968
v 0.134864 0.347150 0.081342
v 0.147699 0.323814 0.056791
v 0.145220 0.415625 0.015161
v 0.140746 0.415625 0.040543
v 0.148418 0.370475 0.042601
v 0.151875 0.323814 0.043528
v 0.150665 0.347150 0.043203
v 0.156061 0.347150 0.002273
v 0.155453 0.347150 0.016053
v 0.136871 0.415625 -0.048302
v 0.140746 0.415625 -0.035998
v 0.148418 0.370475 -0.038055
v 0.144335 0.370475 -0.051020
v 0.145220 0.415625 -0.010615
v 0.155453 0.347150 -0.011508
v 0.151875 0.323814 -0.038982
v 0.147699 0.323814 -0.052245
v 0.150665 0.347150 -0.038657
v 0.111193 0.415625 -0.092780
v 0.119042 0.415625 -0.082540
v 0.125969 0.415625 -0.071659
v 0.132849 0.370475 -0.075632
v 0.131930 0.415625 -0.060219
v 0.135950 0.323814 -0.077422
v 0.134864 0.347150 -0.076796
v 0.119060 0.347150 -0.099382
v 0.071853 0.415625 -0.125789
v 0.082728 0.415625 -0.118854
v 0.087284 0.370475 -0.125362
v 0.075825 0.370475 -0.132669
v 0.102475 0.415625 -0.102284
v 0.109738 0.347150 -0.109547
v 0.089339 0.323814 -0.128293
v 0.077613 0.323814 -0.135770
v 0.076987 0.347150 -0.134684
v 0.088620 0.347150 -0.127268
v 0.036186 0.415625 -0.140558
v 0.060406 0.415625 -0.131742
v 0.064748 0.347150 -0.141049
v 0.025376 0.347150 -0.153470
v 0.038843 0.347150 -0.150477
v -0.014973 0.415625 -0.145032
v 0.010803 0.415625 -0.145032
v 0.011698 0.347150 -0.155263
v -0.029546 0.347150 -0.153470
v -0.015868 0.347150 -0.155263
v -0.076022 0.415625 -0.125789
v -0.064576 0.415625 -0.131742
v -0.079994 0.370475 -0.132669
v -0.040356 0.415625 -0.140558
v -0.043013 0.347150 -0.150477
v -0.081782 0.323814 -0.135770
v -0.081156 0.347150 -0.134684
v -0.068918 0.347150 -0.141049
v -0.115363 0.415625 -0.092780
v -0.106645 0.415625 -0.102284
v -0.121448 0.370475 -0.097885
v -0.086898 0.415625 -0.118854
v -0.091454 0.370475 -0.125362
v -0.093508 0.323814 -0.128293
v -0.092790 0.347150 -0.127268
v -0.124192 0.323814 -0.100185
v -0.123230 0.347150 -0.099379
v -0.113908 0.347150 -0.109547
v -0.141041 0.415625 -0.048302
v -0.136100 0.415625 -0.060219
v -0.130139 0.415625 -0.071659
v -0.148505 0.370475 -0.051020
v -0.137019 0.370475 -0.075632
v -0.123212 0.415625 -0.082540
v -0.129717 0.370475 -0.087099
v -0.132651 0.323814 -0.089151
v -0.131623 0.347150 -0.088432
v -0.140119 0.323814 -0.077422
v -0.139034 0.347150 -0.076794
v -0.151869 0.323814 -0.052245
v -0.149389 0.415625 -0.010615
v -0.144916 0.415625 -0.035998
v -0.152588 0.370475 -0.038055
v -0.156045 0.323814 -0.038982
v -0.154835 0.347150 -0.038657
v -0.159623 0.347150 -0.011508
v -0.147554 0.234498 0.055220
v -0.151610 0.234498 0.042339
v -0.148658 0.213433 0.041547
v -0.153834 0.213433 0.002273
v -0.153250 0.213433 0.015496
v -0.136224 0.153023 0.038217
v -0.132587 0.153023 0.049771
v -0.120674 0.234498 0.101780
v -0.128890 0.234498 0.091063
v -0.126386 0.213433 0.089310
v -0.118331 0.213433 0.099815
v -0.136142 0.234498 0.079673
v -0.133496 0.213433 0.078143
v -0.122348 0.153023 0.071707
v -0.115841 0.153023 0.081928
v -0.108472 0.153023 0.091541
v -0.079487 0.234498 0.136338
v -0.090875 0.234498 0.129078
v -0.089122 0.213433 0.126574
v -0.077958 0.213433 0.133692
v -0.109383 0.213433 0.109571
v -0.081738 0.153023 0.116031
v -0.071525 0.153023 0.122544
v -0.041359 0.213433 0.148846
v -0.028437 0.213433 0.151716
v -0.066216 0.213433 0.139798
v 0.024267 0.213433 0.151716
v -0.002085 0.213433 0.154011
v 0.075318 0.234498 0.136338
v 0.062046 0.213433 0.139798
v 0.073788 0.213433 0.133692
v 0.037189 0.213433 0.148846
v 0.067355 0.153023 0.122544
v 0.116504 0.234498 0.101780
v 0.105214 0.213433 0.109571
v 0.114161 0.213433 0.099815
v 0.086706 0.234498 0.129078
v 0.084952 0.213433 0.126574
v 0.077568 0.153023 0.116031
v 0.104302 0.153023 0.091541
v 0.143387 0.234498 0.055220
v 0.131972 0.234498 0.079673
v 0.129326 0.213433 0.078143
v 0.124720 0.234498 0.091063
v 0.122216 0.213433 0.089310
v 0.111671 0.153023 0.081928
v 0.118178 0.153023 0.071707
v 0.128417 0.153023 0.049771
v 0.149081 0.213433 0.015496
v 0.149664 0.213433 0.002273
v 0.147441 0.234498 0.042339
v 0.144488 0.213433 0.041547
v 0.132054 0.153023 0.038217
v 0.143384 0.234498 -0.050674
v 0.147441 0.234498 -0.037794
v 0.144488 0.213433 -0.037002
v 0.149081 0.213433 -0.010951
v 0.132054 0.153023 -0.033671
v 0.128417 0.153023 -0.045226
v 0.114161 0.213433 -0.095270
v 0.131972 0.234498 -0.075127
v 0.129326 0.213433 -0.073598
v 0.118178 0.153023 -0.067162
v 0.075318 0.234498 -0.131792
v 0.086706 0.234498 -0.124532
v 0.084952 0.213433 -0.122029
v 0.073788 0.213433 -0.129146
v 0.105214 0.213433 -0.105026
v 0.077568 0.153023 -0.111486
v 0.067355 0.153023 -0.117998
v 0.037189 0.213433 -0.144300
v 0.024267 0.213433 -0.147171
v 0.062046 0.213433 -0.135252
v -0.015311 0.213433 -0.148893
v -0.028437 0.213433 -0.147171
v 0.011141 0.213433 -0.148893
v -0.079487 0.234498 -0.131792
v -0.066216 0.213433 -0.135252
v -0.077958 0.213433 -0.129146
v -0.041359 0.213433 -0.144300
v -0.071525 0.153023 -0.117998
v -0.120674 0.234498 -0.097235
v -0.109383 0.213433 -0.105026
v -0.118331 0.213433 -0.095270
v -0.090875 0.234498 -0.124532
v -0.089122 0.213433 -0.122029
v -0.081738 0.153023 -0.111486
v -0.108472 0.153023 -0.086996
v -0.147557 0.234498 -0.050674
v -0.136142 0.234498 -0.075127
v -0.133496 0.213433 -0.073598
v -0.128890 0.234498 -0.086518
v -0.126386 0.213433 -0.084764
v -0.115841 0.153023 -0.077382
v -0.122348 0.153023 -0.067162
v -0.132587 0.153023 -0.045226
v -0.153250 0.213433 -0.010951
v -0.151610 0.234498 -0.037794
v -0.148658 0.213433 -0.037002
v -0.136224 0.153023 -0.033671
v -0.002085 0.436724 0.144491
v 0.010312 0.436727 0.143952
v -0.076688 0.609256 0.022262
v -0.074662 0.609256 0.028688
v -0.078143 0.609256 0.015684
v -0.079321 0.609256 0.002273
v -0.079025 0.609256 0.009005
v -0.065350 0.609256 0.046573
v -0.072082 0.609256 0.034913
v -0.046385 0.609256 0.065538
v -0.056698 0.609256 0.056886
v -0.022075 0.609256 0.076876
v -0.015496 0.609256 0.078336
v -0.034725 0.609256 0.072270
v 0.004647 0.609256 0.079213
v -0.002085 0.609256 0.079503
v -0.008817 0.609256 0.079213
v 0.030555 0.609256 0.072270
v 0.017905 0.609256 0.076876
v 0.052528 0.609256 0.056886
v 0.042215 0.609256 0.065538
v 0.067912 0.609256 0.034913
v 0.070492 0.609256 0.028688
v 0.061180 0.609256 0.046573
v 0.074855 0.609256 0.009005
v 0.075151 0.609256 0.002273
v 0.073973 0.609256 0.015684
v 0.072518 0.609256 0.022262
v 0.072518 0.609256 -0.017717
v 0.070492 0.609256 -0.024143
v 0.073973 0.609256 -0.011138
v 0.074855 0.609256 -0.004459
v 0.061180 0.609256 -0.042027
v 0.067912 0.609256 -0.030367
v 0.042215 0.609256 -0.060992
v 0.052528 0.609256 -0.052341
v 0.017905 0.609256 -0.072330
v 0.030555 0.609256 -0.067724
v -0.008817 0.609256 -0.074668
v 0.004647 0.609256 -0.074668
v -0.034725 0.609256 -0.067724
v -0.022075 0.609256 -0.072330
v -0.056698 0.609256 -0.052341
v -0.046385 0.609256 -0.060992
v -0.072082 0.609256 -0.030367
v -0.074662 0.609256 -0.024143
v -0.065350 0.609256 -0.042027
v -0.079025 0.609256 -0.004459
v -0.078143 0.609256 -0.011138
v -0.076688 0.609256 -0.017717
v -0.087004 0.846233 0.025033
v -0.084693 0.846230 0.032340
v -0.088670 0.846233 0.017551
v -0.090030 0.846238 0.002296
v -0.089684 0.846235 0.009953
v -0.074087 0.846227 0.052689
v -0.081751 0.846230 0.039421
v -0.052502 0.846227 0.074274
v -0.046036 0.846227 0.078397
v -0.064238 0.846227 0.064426
v -0.024835 0.846227 0.087175
v -0.039233 0.846227 0.081936
v 0.005577 0.846227 0.089835
v -0.009746 0.846227 0.089835
v 0.035063 0.846227 0.081936
v 0.041867 0.846227 0.078397
v 0.020665 0.846227 0.087175
v 0.060068 0.846227 0.064426
v 0.048332 0.846227 0.074274
v 0.077581 0.846230 0.039421
v 0.080523 0.846230 0.032340
v 0.069917 0.846227 0.052689
v 0.085514 0.846235 0.009953
v 0.085860 0.846238 0.002296
v 0.084500 0.846233 0.017551
v 0.082834 0.846233 0.025033
v 0.082868 0.846238 -0.020458
v 0.080563 0.846238 -0.027777
v 0.084527 0.846238 -0.012969
v 0.085528 0.846238 -0.005365
v 0.069959 0.846235 -0.048141
v 0.065292 0.846235 -0.054232
v 0.077626 0.846235 -0.034865
v 0.048361 0.846235 -0.069742
v 0.041890 0.846233 -0.073867
v 0.060105 0.846235 -0.059886
v 0.020678 0.846233 -0.082649
v 0.013188 0.846233 -0.084313
v 0.035085 0.846233 -0.077406
v -0.009752 0.846233 -0.085311
v -0.017358 0.846233 -0.084313
v 0.005582 0.846233 -0.085311
v -0.039254 0.846233 -0.077406
v -0.046063 0.846233 -0.073865
v -0.024848 0.846233 -0.082649
v -0.064275 0.846235 -0.059886
v -0.069462 0.846235 -0.054232
v -0.052531 0.846235 -0.069742
v -0.081796 0.846235 -0.034865
v -0.084732 0.846238 -0.027777
v -0.074129 0.846235 -0.048141
v -0.089697 0.846238 -0.005365
v -0.088697 0.846238 -0.012969
v -0.087038 0.846238 -0.020458
v -0.091007 0.918187 0.010452
v -0.091538 0.918200 0.002822
v -0.091409 0.906109 0.018211
v -0.089764 0.918168 0.017979
v -0.087416 0.929691 0.017622
v -0.089531 0.906088 0.025796
v -0.085504 0.929678 0.024774
v -0.079028 0.950346 0.023065
v -0.080869 0.950344 0.016523
v -0.084429 0.940482 0.017136
v -0.082118 0.950344 0.009855
v -0.082707 0.950341 0.003073
v -0.086291 0.940493 0.003038
v -0.085704 0.940487 0.010145
v -0.083914 0.906062 0.040435
v -0.079992 0.929659 0.038610
v -0.075991 0.906054 0.054023
v -0.071203 0.906054 0.060269
v -0.072412 0.929654 0.051517
v -0.066837 0.950349 0.047613
v -0.073844 0.950349 0.035747
v -0.065881 0.906054 0.066069
v -0.062794 0.929654 0.062979
v -0.053833 0.906054 0.076178
v -0.047198 0.906054 0.080409
v -0.051326 0.929654 0.072600
v -0.047426 0.950349 0.067025
v -0.057982 0.950349 0.058167
v -0.040216 0.906054 0.084041
v -0.038367 0.929654 0.080082
v -0.025437 0.906054 0.089420
v -0.017751 0.906054 0.091126
v -0.024304 0.929654 0.085200
v -0.022545 0.950349 0.078627
v -0.035494 0.950349 0.073915
v -0.009950 0.906054 0.092151
v -0.009567 0.929654 0.087799
v 0.005780 0.906054 0.092151
v 0.013581 0.906054 0.091126
v 0.005397 0.929654 0.087799
v 0.004805 0.950349 0.081019
v -0.008975 0.950349 0.081019
v 0.021267 0.906054 0.089420
v 0.020134 0.929654 0.085200
v 0.036046 0.906054 0.084041
v 0.043029 0.906054 0.080409
v 0.034197 0.929654 0.080082
v 0.031324 0.950349 0.073915
v 0.018375 0.950349 0.078627
v 0.049663 0.906054 0.076178
v 0.047159 0.929654 0.072600
v 0.061711 0.906054 0.066069
v 0.067033 0.906054 0.060269
v 0.058624 0.929654 0.062979
v 0.053812 0.950349 0.058167
v 0.043256 0.950349 0.067025
v 0.071821 0.906054 0.054023
v 0.068242 0.929654 0.051517
v 0.079744 0.906062 0.040435
v 0.075822 0.929659 0.038610
v 0.069674 0.950349 0.035745
v 0.062667 0.950349 0.047613
v 0.085361 0.906088 0.025796
v 0.087239 0.906109 0.018211
v 0.085594 0.918168 0.017979
v 0.081334 0.929678 0.024774
v 0.083246 0.929691 0.017622
v 0.087368 0.918200 0.002822
v 0.086838 0.918187 0.010452
v 0.078537 0.950341 0.003073
v 0.077948 0.950344 0.009855
v 0.081534 0.940487 0.010145
v 0.082121 0.940493 0.003038
v 0.076699 0.950344 0.016523
v 0.080259 0.940482 0.017136
v 0.074858 0.950346 0.023065
v 0.087136 0.918205 -0.004882
v 0.086169 0.918208 -0.012580
v 0.082150 0.918200 -0.027655
v 0.084498 0.918205 -0.020197
v 0.073934 0.950341 -0.024328
v 0.076052 0.950341 -0.017598
v 0.077290 0.940493 -0.025595
v 0.077552 0.950341 -0.010734
v 0.081070 0.940495 -0.011397
v 0.078392 0.950341 -0.003818
v 0.081954 0.940495 -0.004169
v 0.079155 0.918195 -0.034878
v 0.075545 0.918192 -0.041816
v 0.066586 0.918184 -0.054620
v 0.071343 0.918187 -0.048413
v 0.059886 0.950344 -0.048659
v 0.064178 0.950344 -0.043060
v 0.062625 0.940487 -0.051004
v 0.067970 0.950341 -0.037107
v 0.071066 0.940490 -0.038938
v 0.071229 0.950341 -0.030848
v 0.061302 0.918181 -0.060382
v 0.042738 0.918171 -0.074633
v 0.049333 0.918174 -0.070429
v 0.038365 0.950344 -0.066718
v 0.044312 0.950344 -0.062926
v 0.046364 0.940485 -0.065900
v 0.040150 0.940482 -0.069861
v 0.055117 0.950344 -0.053859
v 0.057644 0.940485 -0.056434
v 0.035800 0.918171 -0.078241
v 0.028574 0.918168 -0.081233
v 0.013481 0.918166 -0.085282
v 0.021116 0.918166 -0.083586
v 0.011963 0.950346 -0.076329
v 0.018850 0.950346 -0.074797
v 0.012583 0.940480 -0.079894
v 0.025582 0.950346 -0.072674
v 0.026805 0.940482 -0.076081
v 0.032103 0.950344 -0.069975
v 0.005730 0.918166 -0.086301
v -0.002085 0.918166 -0.086639
v -0.017651 0.918166 -0.085282
v -0.009900 0.918166 -0.086301
v -0.016132 0.950346 -0.076329
v -0.009136 0.950346 -0.077245
v -0.009448 0.940480 -0.080853
v -0.016753 0.940480 -0.079894
v -0.002085 0.940480 -0.081172
v 0.004967 0.950346 -0.077245
v 0.005278 0.940480 -0.080853
v -0.025286 0.918166 -0.083586
v -0.032744 0.918168 -0.081233
v -0.046908 0.918171 -0.074633
v -0.039970 0.918168 -0.078241
v -0.042534 0.950344 -0.066718
v -0.036273 0.950344 -0.069975
v -0.044320 0.940482 -0.069861
v -0.029752 0.950344 -0.072674
v -0.030975 0.940482 -0.076081
v -0.023020 0.950346 -0.074797
v -0.053503 0.918174 -0.070429
v -0.070756 0.918184 -0.054620
v -0.065472 0.918181 -0.060382
v -0.059286 0.950344 -0.053859
v -0.061814 0.940485 -0.056434
v -0.066795 0.940487 -0.051004
v -0.048482 0.950344 -0.062926
v -0.050534 0.940482 -0.065900
v -0.079714 0.918192 -0.041816
v -0.086320 0.918200 -0.027655
v -0.075399 0.950341 -0.030848
v -0.078640 0.940490 -0.032404
v -0.081460 0.940493 -0.025595
v -0.075235 0.940490 -0.038938
v -0.068350 0.950344 -0.043060
v -0.071277 0.940487 -0.045154
v -0.088667 0.918205 -0.020197
v -0.090339 0.918208 -0.012580
v -0.091306 0.918205 -0.004882
v -0.082561 0.950341 -0.003818
v -0.086124 0.940495 -0.004169
v -0.081722 0.950341 -0.010734
v -0.085239 0.940495 -0.011397
v -0.080222 0.950341 -0.017598
v -0.083673 0.940495 -0.018568
v -0.077987 0.959075 0.009459
v -0.078542 0.959067 0.003023
v -0.073231 0.966752 0.008965
v -0.073733 0.966739 0.002920
v -0.075058 0.959096 0.021990
v -0.070532 0.966792 0.020754
v -0.057726 0.979313 0.022553
v -0.059418 0.979286 0.017720
v -0.065350 0.973500 0.019336
v -0.060705 0.979255 0.012781
v -0.061550 0.979226 0.007753
v -0.061917 0.979202 0.002658
v -0.067777 0.973447 0.008394
v -0.070146 0.959112 0.034020
v -0.065952 0.966818 0.032063
v -0.059519 0.959117 0.050466
v -0.063499 0.959117 0.045276
v -0.055988 0.966826 0.047502
v -0.059722 0.966826 0.042632
v -0.050460 0.979336 0.036146
v -0.055409 0.973545 0.039611
v -0.051955 0.973545 0.044117
v -0.053241 0.979334 0.031807
v -0.055666 0.979326 0.027262
v -0.061161 0.973537 0.029826
v -0.055100 0.959117 0.055285
v -0.050275 0.959117 0.059704
v -0.047312 0.966826 0.056173
v -0.039574 0.959117 0.067204
v -0.045088 0.959117 0.063686
v -0.037268 0.966826 0.063211
v -0.031614 0.979336 0.053418
v -0.035958 0.979336 0.050648
v -0.039423 0.973545 0.055597
v -0.034635 0.973545 0.058650
v -0.043929 0.973545 0.052140
v -0.043844 0.979336 0.044032
v -0.048115 0.973545 0.048303
v -0.033772 0.959117 0.070220
v -0.031823 0.966826 0.066042
v -0.015105 0.959117 0.076110
v -0.021488 0.959117 0.074691
v -0.014305 0.966826 0.071570
v -0.020295 0.966826 0.070239
v -0.012340 0.979336 0.060433
v -0.018932 0.973545 0.065152
v -0.013388 0.973545 0.066383
v -0.022283 0.979336 0.057765
v -0.024349 0.973545 0.063443
v -0.029596 0.973545 0.061270
v -0.008619 0.959117 0.076960
v -0.002085 0.959117 0.077245
v -0.008217 0.966826 0.072367
v -0.002085 0.966826 0.072634
v 0.010935 0.959117 0.076110
v 0.004449 0.959117 0.076960
v 0.010135 0.966826 0.071570
v 0.004047 0.966826 0.072367
v 0.008170 0.979336 0.060433
v 0.003062 0.979336 0.061104
v 0.003588 0.973545 0.067122
v 0.009219 0.973545 0.066383
v -0.007232 0.979336 0.061104
v -0.007758 0.973545 0.067122
v 0.017319 0.959114 0.074691
v 0.023557 0.959114 0.072724
v 0.016125 0.966826 0.070239
v 0.021980 0.966826 0.068390
v 0.035404 0.959117 0.067204
v 0.029602 0.959114 0.070220
v 0.033098 0.966826 0.063211
v 0.027653 0.966826 0.066042
v 0.027444 0.979336 0.053418
v 0.025426 0.973545 0.061270
v 0.030465 0.973545 0.058650
v 0.018113 0.979336 0.057765
v 0.020179 0.973545 0.063443
v 0.014762 0.973545 0.065152
v 0.040918 0.959117 0.063686
v 0.046105 0.959117 0.059704
v 0.043142 0.966826 0.056173
v 0.055349 0.959117 0.050466
v 0.050931 0.959117 0.055285
v 0.051818 0.966826 0.047502
v 0.039675 0.979336 0.044032
v 0.043945 0.973545 0.048303
v 0.047785 0.973545 0.044117
v 0.039759 0.973545 0.052140
v 0.031789 0.979336 0.050648
v 0.035254 0.973545 0.055597
v 0.059329 0.959117 0.045276
v 0.055552 0.966826 0.042632
v 0.065976 0.959112 0.034020
v 0.061782 0.966818 0.032063
v 0.053556 0.979313 0.022553
v 0.051496 0.979326 0.027262
v 0.056992 0.973537 0.029826
v 0.049071 0.979334 0.031807
v 0.046290 0.979336 0.036146
v 0.051240 0.973545 0.039611
v 0.070889 0.959096 0.021990
v 0.066362 0.966792 0.020754
v 0.074372 0.959067 0.003023
v 0.073817 0.959075 0.009459
v 0.069563 0.966739 0.002920
v 0.069061 0.966752 0.008965
v 0.057747 0.979202 0.002658
v 0.057380 0.979226 0.007753
v 0.063607 0.973447 0.008394
v 0.056535 0.979255 0.012778
v 0.055249 0.979286 0.017720
v 0.061180 0.973500 0.019336
v 0.074232 0.959061 -0.003511
v 0.069423 0.966731 -0.003213
v 0.072014 0.959064 -0.016579
v 0.067336 0.966734 -0.015464
v 0.054263 0.979202 -0.017722
v 0.055835 0.979197 -0.012731
v 0.061962 0.973421 -0.014199
v 0.056955 0.979191 -0.007636
v 0.057596 0.979191 -0.002489
v 0.063898 0.973418 -0.002885
v 0.067442 0.959069 -0.029145
v 0.063050 0.966744 -0.027235
v 0.060755 0.959075 -0.040726
v 0.056786 0.966752 -0.038085
v 0.043847 0.979231 -0.035755
v 0.047030 0.979226 -0.031604
v 0.052227 0.973447 -0.035069
v 0.049842 0.979218 -0.027193
v 0.052259 0.979210 -0.022553
v 0.058006 0.973434 -0.025059
v 0.052159 0.959080 -0.050967
v 0.048733 0.966760 -0.047679
v 0.041914 0.959083 -0.059564
v 0.039136 0.966768 -0.055732
v 0.027893 0.979252 -0.049137
v 0.032304 0.979247 -0.046327
v 0.035943 0.973466 -0.051348
v 0.031065 0.973471 -0.054456
v 0.036455 0.979241 -0.043142
v 0.040311 0.979236 -0.039608
v 0.044795 0.973458 -0.043919
v 0.030336 0.959085 -0.066248
v 0.028287 0.966773 -0.061994
v 0.017770 0.959088 -0.070822
v 0.016516 0.966776 -0.066280
v 0.008326 0.979263 -0.056260
v 0.015074 0.973479 -0.061077
v 0.009427 0.973479 -0.062332
v 0.018420 0.979260 -0.053550
v 0.020591 0.973476 -0.059337
v 0.025933 0.973473 -0.057124
v 0.004602 0.959088 -0.073144
v 0.004180 0.966779 -0.068453
v -0.008772 0.959088 -0.073144
v -0.008349 0.966779 -0.068453
v -0.012496 0.979263 -0.056260
v -0.007863 0.973481 -0.063084
v -0.013597 0.973479 -0.062332
v -0.002085 0.979265 -0.057166
v -0.002085 0.973481 -0.063335
v 0.003694 0.973481 -0.063084
v -0.021940 0.959088 -0.070822
v -0.020685 0.966776 -0.066280
v -0.034506 0.959085 -0.066248
v -0.032456 0.966773 -0.061994
v -0.027423 0.979255 -0.051551
v -0.030103 0.973473 -0.057124
v -0.017603 0.979260 -0.055124
v -0.019244 0.973479 -0.061077
v -0.046084 0.959083 -0.059564
v -0.043306 0.966768 -0.055732
v -0.056328 0.959080 -0.050967
v -0.052903 0.966760 -0.047679
v -0.048017 0.979231 -0.035755
v -0.044481 0.979236 -0.039608
v -0.048968 0.973458 -0.043919
v -0.036476 0.979247 -0.046327
v -0.040113 0.973466 -0.051348
v -0.064925 0.959075 -0.040726
v -0.060955 0.966752 -0.038085
v -0.071612 0.959069 -0.029145
v -0.067220 0.966744 -0.027235
v -0.058433 0.979202 -0.017722
v -0.056429 0.979210 -0.022553
v -0.062176 0.973434 -0.025059
v -0.054012 0.979218 -0.027193
v -0.051202 0.979226 -0.031604
v -0.056397 0.973447 -0.035069
v -0.076183 0.959064 -0.016579
v -0.071506 0.966734 -0.015464
v -0.078402 0.959061 -0.003511
v -0.073593 0.966731 -0.003213
v -0.061769 0.979191 -0.002489
v -0.068068 0.973418 -0.002885
v -0.061124 0.979191 -0.007636
v -0.060005 0.979197 -0.012731
v -0.066132 0.973421 -0.014199
v -0.156232 0.300829 0.043578
v -0.161678 0.300829 0.002273
v -0.161063 0.300829 0.016180
v -0.132809 0.300829 0.093807
v -0.124339 0.300829 0.104857
v -0.140288 0.300829 0.082063
v -0.093619 0.300829 0.133000
v -0.081880 0.300829 0.140484
v -0.114930 0.300829 0.115117
v -0.043388 0.300829 0.156420
v -0.029797 0.300829 0.159439
v -0.069531 0.300829 0.146907
v 0.025627 0.300829 0.159439
v -0.002085 0.300829 0.161855
v 0.065361 0.300829 0.146907
v 0.077710 0.300829 0.140484
v 0.039218 0.300829 0.156420
v 0.110760 0.300829 0.115117
v 0.120170 0.300829 0.104857
v 0.089449 0.300829 0.133000
v 0.136119 0.300829 0.082063
v 0.128639 0.300829 0.093807
v 0.156893 0.300829 0.016180
v 0.157508 0.300829 0.002273
v 0.152062 0.300829 0.043578
v 0.152062 0.300829 -0.039032
v 0.156893 0.300829 -0.011635
v 0.120170 0.300829 -0.100312
v 0.136119 0.300829 -0.077517
v 0.089449 0.300829 -0.128454
v 0.077710 0.300829 -0.135939
v 0.110760 0.300829 -0.110572
v 0.039218 0.300829 -0.151875
v 0.025627 0.300829 -0.154893
v 0.065361 0.300829 -0.142362
v -0.015995 0.300829 -0.156705
v -0.029797 0.300829 -0.154893
v 0.011825 0.300829 -0.156705
v -0.069531 0.300829 -0.142362
v -0.081880 0.300829 -0.135939
v -0.043388 0.300829 -0.151875
v -0.114930 0.300829 -0.110572
v -0.124339 0.300829 -0.100312
v -0.093619 0.300829 -0.128451
v -0.140288 0.300829 -0.077517
v -0.132809 0.300829 -0.089262
v -0.161063 0.300829 -0.011635
v -0.156232 0.300829 -0.039032
v -0.130984 0.133635 0.036812
v -0.135025 0.133635 0.013904
v -0.111399 0.133635 0.078814
v -0.104315 0.133635 0.088055
v -0.117650 0.133635 0.068995
v -0.078626 0.133635 0.111586
v -0.068810 0.133635 0.117846
v -0.096448 0.133635 0.096633
v -0.036624 0.133635 0.131172
v -0.025260 0.133635 0.133697
v -0.058483 0.133635 0.123217
v 0.021090 0.133635 0.133697
v -0.002085 0.133635 0.135717
v 0.054314 0.133635 0.123217
v 0.064640 0.133635 0.117846
v 0.032454 0.133635 0.131172
v 0.092278 0.133635 0.096633
v 0.100146 0.133635 0.088055
v 0.074457 0.133635 0.111586
v 0.113480 0.133635 0.068995
v 0.107229 0.133635 0.078814
v 0.130855 0.133635 0.013904
v 0.126814 0.133635 0.036812
v 0.126814 0.133635 -0.032266
v 0.130855 0.133635 -0.009358
v 0.100146 0.133635 -0.083510
v 0.113480 0.133635 -0.064449
v 0.074457 0.133635 -0.107041
v 0.064640 0.133635 -0.113300
v 0.092278 0.133635 -0.092088
v 0.032454 0.133635 -0.126627
v 0.054314 0.133635 -0.118672
v -0.013716 0.133635 -0.130667
v 0.009546 0.133635 -0.130667
v -0.058483 0.133635 -0.118672
v -0.068810 0.133635 -0.113300
v -0.036624 0.133635 -0.126627
v -0.096448 0.133635 -0.092088
v -0.104315 0.133635 -0.083510
v -0.078626 0.133635 -0.107041
v -0.117650 0.133635 -0.064449
v -0.111399 0.133635 -0.074269
v -0.135025 0.133635 -0.009358
v -0.130984 0.133635 -0.032266
v -0.069563 0.766596 0.008175
v -0.067510 0.766596 0.019804
v -0.063472 0.766596 0.030898
v -0.053975 0.766596 0.045812
v -0.057570 0.766596 0.041124
v -0.049979 0.766596 0.050167
v -0.045622 0.766596 0.054158
v -0.035953 0.766596 0.060935
v -0.040934 0.766596 0.057757
v -0.030711 0.766596 0.063660
v -0.019616 0.766596 0.067698
v -0.007988 0.766596 0.069750
v 0.003818 0.766596 0.069750
v 0.015446 0.766596 0.067698
v 0.031783 0.766596 0.060935
v 0.026541 0.766596 0.063660
v 0.036764 0.766596 0.057757
v 0.041452 0.766596 0.054158
v 0.049805 0.766596 0.045812
v 0.045810 0.766596 0.050167
v 0.053400 0.766596 0.041124
v 0.059302 0.766596 0.030898
v 0.063341 0.766596 0.019804
v 0.065393 0.766596 0.008175
v 0.065393 0.766596 -0.003630
v 0.063341 0.766596 -0.015258
v 0.059302 0.766596 -0.026353
v 0.049805 0.766596 -0.041267
v 0.053400 0.766596 -0.036579
v 0.045810 0.766596 -0.045622
v 0.041452 0.766596 -0.049612
v 0.031783 0.766596 -0.056389
v 0.036764 0.766596 -0.053212
v 0.026541 0.766596 -0.059115
v 0.015446 0.766596 -0.063153
v 0.003818 0.766596 -0.065205
v -0.007988 0.766596 -0.065205
v -0.019616 0.766596 -0.063153
v -0.035953 0.766596 -0.056389
v -0.030711 0.766596 -0.059115
v -0.040934 0.766596 -0.053212
v -0.045622 0.766596 -0.049612
v -0.053975 0.766596 -0.041267
v -0.049979 0.766596 -0.045622
v -0.057570 0.766596 -0.036579
v -0.063472 0.766596 -0.026353
v -0.067510 0.766596 -0.015258
v -0.069563 0.766596 -0.003630
v -0.062073 0.669584 0.024106
v -0.064951 0.669584 0.013357
v -0.065923 0.669584 0.002273
v -0.050988 0.669584 0.043309
v -0.054377 0.669584 0.038887
v -0.059941 0.669584 0.029250
v -0.034004 0.669584 0.057559
v -0.038700 0.669584 0.054564
v -0.047225 0.669584 0.047413
v -0.013169 0.669584 0.065142
v -0.018607 0.669584 0.063935
v -0.029063 0.669584 0.060129
v 0.008999 0.669584 0.065142
v 0.003480 0.669584 0.065865
v -0.007650 0.669584 0.065865
v 0.029834 0.669584 0.057559
v 0.024893 0.669584 0.060129
v 0.014437 0.669584 0.063935
v 0.046818 0.669584 0.043309
v 0.043055 0.669584 0.047413
v 0.034530 0.669584 0.054564
v 0.057903 0.669584 0.024106
v 0.055771 0.669584 0.029250
v 0.050207 0.669584 0.038887
v 0.061753 0.669584 0.002273
v 0.060781 0.669584 0.013357
v 0.057903 0.669584 -0.019560
v 0.060781 0.669584 -0.008812
v 0.046818 0.669584 -0.038763
v 0.050207 0.669584 -0.034342
v 0.055771 0.669584 -0.024705
v 0.029834 0.669584 -0.053014
v 0.034530 0.669584 -0.050019
v 0.043055 0.669584 -0.042867
v 0.008999 0.669584 -0.060596
v 0.014437 0.669584 -0.059389
v 0.024893 0.669584 -0.055584
v -0.013169 0.669584 -0.060596
v -0.007650 0.669584 -0.061320
v 0.003480 0.669584 -0.061320
v -0.034004 0.669584 -0.053014
v -0.029063 0.669584 -0.055584
v -0.018607 0.669584 -0.059389
v -0.050988 0.669584 -0.038763
v -0.047225 0.669584 -0.042867
v -0.038700 0.669584 -0.050019
v -0.062073 0.669584 -0.019560
v -0.059941 0.669584 -0.024705
v -0.054377 0.669584 -0.034342
v -0.064951 0.669584 -0.008812
v -0.078560 0.005787 0.022764
v -0.074050 0.001728 0.021547
v -0.075499 0.001728 0.015216
v -0.080956 0.005787 0.009174
v -0.076302 0.001728 0.008772
v -0.070505 -0.000002 0.014337
v -0.066940 0.005787 0.047685
v -0.063118 0.001728 0.044999
v -0.073838 0.005787 0.035732
v -0.069602 0.001728 0.033767
v -0.058866 -0.000002 0.041993
v -0.047497 0.005787 0.067128
v -0.041674 0.005787 0.070841
v -0.044824 0.001728 0.063296
v -0.050003 0.001728 0.059379
v -0.058069 0.005787 0.058257
v -0.054760 0.001728 0.054958
v -0.046744 -0.000002 0.055494
v -0.022576 0.005787 0.078748
v -0.015834 0.005787 0.080246
v -0.029163 0.005787 0.076670
v -0.021375 0.001728 0.074235
v -0.027581 0.001728 0.072323
v -0.035544 0.005787 0.074026
v -0.033563 0.001728 0.069798
v -0.025849 -0.000002 0.067561
v 0.011664 0.005787 0.080246
v -0.002085 0.005787 0.081442
v -0.002085 0.001728 0.076818
v -0.002085 -0.000002 0.071750
v 0.031374 0.005787 0.074026
v 0.037504 0.005787 0.070841
v 0.024993 0.005787 0.076670
v 0.029393 0.001728 0.069798
v 0.023411 0.001728 0.072323
v 0.018407 0.005787 0.078748
v 0.017205 0.001728 0.074235
v 0.021679 -0.000002 0.067561
v 0.053899 0.005787 0.058257
v 0.050590 0.001728 0.054958
v 0.045833 0.001728 0.059379
v 0.043327 0.005787 0.067128
v 0.040654 0.001728 0.063296
v 0.042574 -0.000002 0.055494
v 0.069668 0.005787 0.035732
v 0.065432 0.001728 0.033767
v 0.062770 0.005787 0.047685
v 0.058949 0.001728 0.044999
v 0.054697 -0.000002 0.041993
v 0.076786 0.005787 0.009174
v 0.072132 0.001728 0.008772
v 0.071330 0.001728 0.015216
v 0.074391 0.005787 0.022764
v 0.069880 0.001728 0.021547
v 0.066335 -0.000002 0.014337
v 0.074391 0.005787 -0.018219
v 0.069880 0.001728 -0.017001
v 0.071330 0.001728 -0.010671
v 0.076786 0.005787 -0.004628
v 0.072132 0.001728 -0.004229
v 0.066335 -0.000002 -0.009791
v 0.062770 0.005787 -0.043139
v 0.058949 0.001728 -0.040453
v 0.069668 0.005787 -0.031186
v 0.065432 0.001728 -0.029221
v 0.054697 -0.000002 -0.037448
v 0.043327 0.005787 -0.062582
v 0.037504 0.005787 -0.066295
v 0.040654 0.001728 -0.058750
v 0.045833 0.001728 -0.054834
v 0.053899 0.005787 -0.053711
v 0.050590 0.001728 -0.050412
v 0.042574 -0.000002 -0.050949
v 0.018407 0.005787 -0.074203
v 0.011664 0.005787 -0.075700
v 0.024993 0.005787 -0.072124
v 0.017205 0.001728 -0.069689
v 0.023411 0.001728 -0.067777
v 0.031374 0.005787 -0.069481
v 0.029393 0.001728 -0.065252
v 0.021679 -0.000002 -0.063015
v -0.008986 0.005787 -0.076598
v -0.015834 0.005787 -0.075700
v -0.008571 0.001728 -0.071947
v 0.004816 0.005787 -0.076598
v 0.004401 0.001728 -0.071947
v 0.003923 -0.000002 -0.066760
v -0.035544 0.005787 -0.069481
v -0.041674 0.005787 -0.066295
v -0.029163 0.005787 -0.072124
v -0.033563 0.001728 -0.065252
v -0.027581 0.001728 -0.067777
v -0.022576 0.005787 -0.074203
v -0.021375 0.001728 -0.069689
v -0.025849 -0.000002 -0.063015
v -0.058069 0.005787 -0.053711
v -0.054760 0.001728 -0.050412
v -0.050003 0.001728 -0.054834
v -0.047497 0.005787 -0.062582
v -0.044824 0.001728 -0.058750
v -0.046744 -0.000002 -0.050949
v -0.073838 0.005787 -0.031186
v -0.069602 0.001728 -0.029221
v -0.066940 0.005787 -0.043139
v -0.063118 0.001728 -0.040453
v -0.058866 -0.000002 -0.037448
v -0.080956 0.005787 -0.004628
v -0.076302 0.001728 -0.004227
v -0.075499 0.001728 -0.010671
v -0.078560 0.005787 -0.018219
v -0.074050 0.001728 -0.017001
v -0.070505 -0.000002 -0.009791
v -0.054474 0.984159 0.007061
v -0.054776 0.984135 0.002555
v -0.053753 0.984188 0.011508
v -0.046971 0.988271 0.006408
v -0.051171 0.984243 0.020157
v -0.044618 0.988189 0.017767
v -0.039400 0.991205 0.012631
v -0.039463 0.991593 0.005891
v -0.047230 0.984265 0.028337
v -0.042976 0.988250 0.021256
v -0.042012 0.984267 0.035774
v -0.036325 0.988371 0.031001
v -0.034976 0.991541 0.020810
v -0.037229 0.991232 0.018314
v -0.038937 0.984267 0.039125
v -0.033666 0.988366 0.033938
v -0.028146 0.984267 0.047410
v -0.024673 0.988210 0.041399
v -0.023966 0.991239 0.034068
v -0.028292 0.991667 0.028820
v -0.019909 0.984267 0.051247
v -0.021193 0.988261 0.043063
v -0.011136 0.984267 0.053600
v -0.009847 0.988371 0.046290
v -0.018681 0.991239 0.037118
v -0.001987 0.988337 0.047104
v 0.002458 0.984267 0.054192
v 0.005759 0.988210 0.046766
v 0.001919 0.988261 0.047138
v 0.004708 0.991044 0.040799
v -0.001694 0.991543 0.040010
v 0.015739 0.984267 0.051247
v 0.013156 0.988337 0.044434
v 0.023974 0.984267 0.047410
v 0.016759 0.988366 0.042830
v 0.013460 0.991667 0.036180
v 0.007600 0.991239 0.039635
v 0.031416 0.984267 0.042197
v 0.026805 0.988337 0.036550
v 0.037842 0.984267 0.035774
v 0.034768 0.984267 0.039125
v 0.032523 0.988210 0.031313
v 0.029821 0.988261 0.034068
v 0.025429 0.991239 0.029340
v 0.043060 0.984265 0.028337
v 0.034768 0.988261 0.028173
v 0.036698 0.988334 0.024777
v 0.046998 0.984243 0.020157
v 0.030407 0.991541 0.021483
v 0.029348 0.991239 0.024668
v 0.049581 0.984188 0.011508
v 0.041283 0.988324 0.013875
v 0.042329 0.988266 0.010095
v 0.050606 0.984135 0.002555
v 0.043512 0.988094 0.002479
v 0.036645 0.991160 0.005455
v 0.034121 0.991633 0.011754
v 0.049890 0.984125 -0.006525
v 0.043253 0.988136 -0.001369
v 0.047521 0.984135 -0.015404
v 0.048905 0.984130 -0.011012
v 0.041595 0.988247 -0.009097
v 0.035483 0.991445 -0.003765
v 0.036725 0.991139 -0.000627
v 0.043628 0.984151 -0.023741
v 0.038859 0.988258 -0.016613
v 0.037108 0.988234 -0.020194
v 0.038351 0.984164 -0.031279
v 0.032898 0.988118 -0.026805
v 0.029644 0.991160 -0.020126
v 0.031929 0.991583 -0.013663
v 0.031841 0.984175 -0.037781
v 0.030167 0.988173 -0.029591
v 0.024307 0.984183 -0.043060
v 0.028189 0.984180 -0.040586
v 0.023892 0.988289 -0.034445
v 0.015927 0.994155 -0.022249
v 0.019706 0.991607 -0.028228
v 0.018969 0.993896 -0.021066
v 0.025685 0.991168 -0.024843
v 0.015966 0.984191 -0.046945
v 0.016962 0.988297 -0.038446
v 0.007079 0.984193 -0.049330
v 0.011574 0.984193 -0.048332
v 0.007689 0.991187 -0.035232
v 0.013603 0.991612 -0.031751
v 0.002516 0.984196 -0.049929
v -0.002085 0.984196 -0.050128
v -0.011252 0.984193 -0.049330
v -0.005965 0.988305 -0.042487
v -0.005125 0.991617 -0.035053
v -0.001691 0.991493 -0.035615
v 0.001626 0.991189 -0.036299
v -0.015747 0.984193 -0.048332
v -0.013843 0.988303 -0.041098
v -0.028476 0.984183 -0.043060
v -0.024391 0.984188 -0.045186
v -0.024916 0.988136 -0.036996
v -0.021399 0.988189 -0.038681
v -0.018837 0.991181 -0.032692
v -0.032359 0.984180 -0.040586
v -0.036011 0.984175 -0.037781
v -0.028136 0.988184 -0.034794
v -0.031136 0.988255 -0.032227
v -0.042521 0.984164 -0.031279
v -0.026266 0.991477 -0.026958
v -0.024169 0.991176 -0.029615
v -0.047798 0.984151 -0.023741
v -0.039149 0.988271 -0.023332
v -0.041378 0.988234 -0.020025
v -0.051691 0.984135 -0.015404
v -0.045001 0.988094 -0.013069
v -0.037527 0.991150 -0.013698
v -0.033061 0.991591 -0.018924
v -0.054060 0.984125 -0.006525
v -0.046047 0.988139 -0.009313
v -0.054633 0.984125 -0.001987
v -0.047088 0.988242 -0.001483
v -0.039524 0.991443 -0.004536
v -0.039635 0.991139 -0.007911
v -0.029295 0.994752 0.012187
v -0.025582 0.995594 0.013354
v -0.027254 0.995579 0.008925
v -0.022492 0.996635 0.009710
v -0.002088 0.999231 0.002273
v -0.010050 0.998352 0.008949
v -0.016534 0.994770 0.027299
v -0.012950 0.995605 0.025830
v -0.017057 0.995605 0.023461
v -0.012918 0.996653 0.021034
v -0.008640 0.998048 0.013621
v -0.013597 0.997227 0.016782
v 0.002933 0.994770 0.030732
v 0.004734 0.995605 0.027301
v 0.000067 0.995605 0.028125
v 0.001676 0.996653 0.023609
v 0.000189 0.998048 0.015177
v -0.001578 0.997227 0.020781
v 0.020052 0.994770 0.020847
v 0.019231 0.995605 0.017065
v 0.016180 0.995605 0.020694
v 0.014514 0.996653 0.016199
v 0.013700 0.997224 0.011973
v 0.007956 0.998045 0.010697
v 0.007684 0.998352 0.005830
v 0.023905 0.995555 -0.000036
v 0.023860 0.995568 0.004694
v 0.019677 0.996622 0.002312
v 0.016323 0.997198 -0.000411
v 0.020221 0.994720 -0.016317
v 0.016312 0.995565 -0.016172
v 0.019381 0.995560 -0.012514
v 0.014619 0.996619 -0.011661
v 0.010280 0.997200 -0.011598
v 0.002970 0.994736 -0.026277
v 0.000081 0.995576 -0.023657
v 0.004784 0.995573 -0.022827
v 0.001702 0.996627 -0.019120
v -0.016645 0.994731 -0.022817
v -0.017162 0.995568 -0.018958
v -0.013027 0.995573 -0.021346
v -0.012990 0.996624 -0.016529
v -0.010085 0.998341 -0.004401
v -0.008938 0.997205 -0.014986
v -0.029448 0.994707 -0.007560
v -0.027351 0.995549 -0.004277
v -0.025719 0.995555 -0.008762
v -0.022576 0.996611 -0.005104
v -0.014469 0.998024 -0.002193
v -0.018472 0.997195 -0.006527
v -0.087656 0.868974 0.033426
v -0.091847 0.868990 0.018153
v -0.087944 0.893673 0.033545
v -0.090440 0.893689 0.026015
v -0.092286 0.893707 0.018311
v -0.093905 0.893739 0.002571
v -0.093453 0.893726 0.010483
v -0.093324 0.869006 0.002389
v -0.092935 0.869001 0.010307
v -0.071810 0.868966 0.060779
v -0.076640 0.868966 0.054477
v -0.080908 0.868966 0.047782
v -0.071990 0.893660 0.060929
v -0.076833 0.893660 0.054612
v -0.081120 0.893660 0.047904
v -0.084830 0.893665 0.040860
v -0.084590 0.868969 0.040747
v -0.047595 0.868966 0.081096
v -0.054290 0.868966 0.076828
v -0.047713 0.893660 0.081302
v -0.054424 0.893660 0.077021
v -0.066610 0.893660 0.066798
v -0.066443 0.868966 0.066629
v -0.017891 0.868966 0.091908
v -0.025640 0.868966 0.090186
v -0.017931 0.893660 0.092141
v -0.025703 0.893660 0.090416
v -0.040649 0.893660 0.084976
v -0.040551 0.868966 0.084759
v 0.013721 0.868966 0.091908
v 0.005849 0.868966 0.092941
v 0.013761 0.893660 0.092141
v 0.005870 0.893660 0.093178
v -0.010040 0.893660 0.093178
v -0.010018 0.868966 0.092941
v 0.043425 0.868966 0.081096
v 0.036381 0.868966 0.084759
v 0.043544 0.893660 0.081302
v 0.036482 0.893660 0.084976
v 0.021534 0.893660 0.090416
v 0.021470 0.868966 0.090186
v 0.067640 0.868966 0.060779
v 0.062274 0.868966 0.066629
v 0.067820 0.893660 0.060929
v 0.062440 0.893660 0.066798
v 0.050254 0.893660 0.077021
v 0.050120 0.868966 0.076828
v 0.083486 0.868974 0.033426
v 0.080420 0.868969 0.040747
v 0.076738 0.868966 0.047782
v 0.083774 0.893673 0.033545
v 0.080660 0.893665 0.040860
v 0.076950 0.893660 0.047904
v 0.072663 0.893660 0.054612
v 0.072471 0.868966 0.054477
v 0.089154 0.869006 0.002389
v 0.088766 0.869001 0.010307
v 0.087677 0.868990 0.018153
v 0.089735 0.893739 0.002571
v 0.089283 0.893726 0.010483
v 0.088116 0.893707 0.018311
v 0.086270 0.893689 0.026015
v 0.083689 0.869006 -0.028791
v 0.086080 0.869009 -0.021195
v 0.087799 0.869011 -0.013425
v 0.084294 0.893739 -0.028772
v 0.086700 0.893744 -0.021124
v 0.088425 0.893747 -0.013304
v 0.089442 0.893747 -0.005381
v 0.088826 0.869009 -0.005542
v 0.067841 0.868998 -0.056247
v 0.072684 0.869001 -0.049927
v 0.068335 0.893723 -0.056421
v 0.073213 0.893728 -0.050056
v 0.081223 0.893736 -0.036180
v 0.080639 0.869003 -0.036146
v 0.043557 0.868993 -0.076625
v 0.050270 0.868993 -0.072344
v 0.043879 0.893713 -0.076944
v 0.050640 0.893715 -0.072631
v 0.062915 0.893720 -0.062332
v 0.062458 0.868998 -0.062115
v 0.013766 0.868990 -0.087469
v 0.021539 0.868990 -0.085741
v 0.013877 0.893705 -0.087865
v 0.021705 0.893707 -0.086127
v 0.036764 0.893710 -0.080644
v 0.036492 0.868993 -0.080298
v -0.017936 0.868990 -0.087469
v -0.010040 0.868990 -0.088504
v -0.018047 0.893705 -0.087865
v -0.010098 0.893705 -0.088908
v 0.005928 0.893705 -0.088908
v 0.005870 0.868990 -0.088504
v -0.047727 0.868993 -0.076625
v -0.040662 0.868990 -0.080298
v -0.048049 0.893713 -0.076944
v -0.040934 0.893710 -0.080644
v -0.025875 0.893707 -0.086127
v -0.025709 0.868990 -0.085741
v -0.072011 0.868998 -0.056247
v -0.066628 0.868998 -0.062115
v -0.072505 0.893723 -0.056421
v -0.067085 0.893720 -0.062332
v -0.054810 0.893715 -0.072631
v -0.054440 0.868993 -0.072344
v -0.087859 0.869006 -0.028791
v -0.084809 0.869003 -0.036146
v -0.088464 0.893739 -0.028772
v -0.085393 0.893736 -0.036180
v -0.081690 0.893731 -0.043293
v -0.077382 0.893728 -0.050056
v -0.076854 0.869001 -0.049927
v -0.092996 0.869009 -0.005542
v -0.091969 0.869011 -0.013425
v -0.093611 0.893747 -0.005381
v -0.092595 0.893747 -0.013304
v -0.090870 0.893744 -0.021124
v -0.090249 0.869009 -0.021195
vt 0.657829 0.029047
vt 0.680374 0.029047
vt 0.669102 0.090643
vt 0.250370 0.945805
vt 0.227959 0.945803
vt 0.239102 0.937350
vt 0.770556 0.040615
vt 0.793105 0.029047
vt 0.793105 0.090643
vt 0.387282 0.090643
vt 0.398552 0.029047
vt 0.409825 0.090643
vt 0.714195 0.029047
vt 0.702922 0.040615
vt 0.702923 0.029047
vt 0.691650 0.090643
vt 0.680374 0.090643
vt 0.049096 0.894423
vt 0.071642 0.882410
vt 0.071643 0.894423
vt 0.094185 0.029047
vt 0.094187 0.040615
vt 0.082912 0.040615
vt 0.195338 0.970157
vt 0.184421 0.974166
vt 0.173050 0.970211
vt 0.702923 0.090643
vt 0.714193 0.040615
vt 0.714194 0.090643
vt 0.522555 0.606743
vt 0.533828 0.419061
vt 0.545099 0.606743
vt 0.026549 0.970234
vt 0.026549 0.965455
vt 0.037821 0.965455
vt 0.759287 0.029047
vt 0.759287 0.040615
vt 0.105460 0.040615
vt 0.116732 0.029047
vt 0.116735 0.040615
vt 0.658101 0.945836
vt 0.636205 0.945815
vt 0.647128 0.937353
vt 0.409828 0.029047
vt 0.432374 0.090643
vt 0.082913 0.029047
vt 0.071643 0.040615
vt 0.071640 0.029047
vt 0.229459 0.090643
vt 0.252006 0.029047
vt 0.252008 0.090643
vt 0.804376 0.029047
vt 0.511283 0.040615
vt 0.522555 0.029047
vt 0.522558 0.040615
vt 0.128006 0.040615
vt 0.128005 0.090643
vt 0.116732 0.090643
vt 0.612740 0.090643
vt 0.635283 0.029047
vt 0.635283 0.090643
vt 0.297100 0.090643
vt 0.308369 0.040615
vt 0.308371 0.090643
vt 0.173097 0.090643
vt 0.161825 0.090643
vt 0.161826 0.029047
vt 0.826923 0.090643
vt 0.804376 0.090643
vt 0.128004 0.029047
vt 0.139277 0.040615
vt 0.206916 0.090643
vt 0.229460 0.029047
vt 0.184370 0.029047
vt 0.184367 0.090643
vt 0.736740 0.759250
vt 0.748012 0.717316
vt 0.748015 0.759250
vt 0.274550 0.029047
vt 0.263279 0.090643
vt 0.590194 0.029047
vt 0.590191 0.090643
vt 0.308372 0.029047
vt 0.297099 0.040615
vt 0.297100 0.029047
vt 0.070804 0.977407
vt 0.105741 0.974179
vt 0.117788 0.976992
vt 0.431597 0.977358
vt 0.455298 0.974146
vt 0.478816 0.976936
vt 0.500008 0.029047
vt 0.500010 0.040615
vt 0.488735 0.040615
vt 0.353464 0.040615
vt 0.342192 0.090643
vt 0.342189 0.040615
vt 0.725467 0.029047
vt 0.725465 0.040615
vt 0.500007 0.090643
vt 0.522555 0.090643
vt 0.239235 0.927807
vt 0.250988 0.906201
vt 0.261804 0.927804
vt 0.364733 0.040615
vt 0.387282 0.029047
vt 0.353463 0.029047
vt 0.432371 0.029047
vt 0.443647 0.029047
vt 0.636126 0.953257
vt 0.725464 0.945856
vt 0.714194 0.945856
vt 0.725464 0.937358
vt 0.184242 0.894457
vt 0.161817 0.894431
vt 0.173067 0.882423
vt 0.488736 0.029047
vt 0.477466 0.040615
vt 0.477464 0.029047
vt 0.330916 0.040615
vt 0.342191 0.029047
vt 0.748015 0.090643
vt 0.748012 0.040615
vt 0.319644 0.029047
vt 0.319641 0.040615
vt 0.533830 0.040615
vt 0.533829 0.090643
vt 0.342190 0.145734
vt 0.319644 0.090643
vt 0.736740 0.040615
vt 0.748014 0.029047
vt 0.477465 0.090643
vt 0.049094 0.029047
vt 0.060368 0.029047
vt 0.714188 0.974212
vt 0.680157 0.974094
vt 0.691647 0.970231
vt 0.454917 0.029047
vt 0.466191 0.029047
vt 0.533827 0.029047
vt 0.545101 0.040615
vt 0.071641 0.759250
vt 0.082915 0.717316
vt 0.082913 0.759250
vt 0.161823 0.759250
vt 0.173096 0.717316
vt 0.184369 0.759250
vt 0.049093 0.858475
vt 0.071642 0.836435
vt 0.071643 0.858475
vt 0.387282 0.352689
vt 0.364736 0.419061
vt 0.364735 0.352689
vt 0.590191 0.717316
vt 0.601466 0.691641
vt 0.612739 0.717316
vt 0.635283 0.717316
vt 0.646556 0.691641
vt 0.657831 0.717316
vt 0.263280 0.717316
vt 0.252008 0.691641
vt 0.263281 0.691641
vt 0.545100 0.759250
vt 0.533826 0.717316
vt 0.545101 0.717316
vt 0.680376 0.759250
vt 0.702921 0.717316
vt 0.702923 0.759250
vt 0.173096 0.691641
vt 0.161825 0.717316
vt 0.161825 0.691641
vt 0.139278 0.717316
vt 0.128005 0.691641
vt 0.139278 0.691641
vt 0.680374 0.691641
vt 0.680374 0.717316
vt 0.500007 0.759250
vt 0.488738 0.717316
vt 0.500010 0.717316
vt 0.206916 0.717316
vt 0.206917 0.759250
vt 0.116732 0.759250
vt 0.105459 0.759250
vt 0.116732 0.717316
vt 0.094187 0.691641
vt 0.094187 0.717316
vt 0.725463 0.691641
vt 0.748012 0.691641
vt 0.736738 0.717316
vt 0.804380 0.665218
vt 0.804379 0.606743
vt 0.815649 0.606743
vt 0.454974 0.858498
vt 0.477483 0.836440
vt 0.477559 0.858498
vt 0.624011 0.691641
vt 0.612737 0.691641
vt 0.567648 0.691641
vt 0.545101 0.691641
vt 0.387280 0.717316
vt 0.376006 0.717316
vt 0.387280 0.691641
vt 0.669103 0.243498
vt 0.691647 0.307791
vt 0.669104 0.330070
vt 0.793103 0.717316
vt 0.804377 0.717316
vt 0.793104 0.759250
vt 0.838194 0.759250
vt 0.815651 0.717316
vt 0.838195 0.717316
vt 0.398554 0.717316
vt 0.409826 0.691641
vt 0.409828 0.717316
vt 0.804379 0.691641
vt 0.815649 0.691641
vt 0.364735 0.759250
vt 0.353461 0.717316
vt 0.364735 0.717316
vt 0.206317 0.965347
vt 0.217495 0.970106
vt 0.071641 0.717316
vt 0.060370 0.717316
vt 0.071642 0.691641
vt 0.218188 0.223080
vt 0.206917 0.223080
vt 0.206915 0.145734
vt 0.477463 0.691641
vt 0.466189 0.691641
vt 0.477462 0.665218
vt 0.500010 0.691641
vt 0.116735 0.917298
vt 0.128005 0.894423
vt 0.139277 0.917298
vt 0.308374 0.717316
vt 0.319640 0.691641
vt 0.319644 0.717316
vt 0.228078 0.953237
vt 0.049095 0.759250
vt 0.308371 0.691641
vt 0.297098 0.717316
vt 0.297098 0.691641
vt 0.274551 0.691641
vt 0.274551 0.717316
vt 0.252007 0.759250
vt 0.229460 0.717316
vt 0.252008 0.717316
vt 0.489130 0.973984
vt 0.500542 0.970150
vt 0.500235 0.974030
vt 0.770560 0.882410
vt 0.793103 0.894423
vt 0.770556 0.894423
vt 0.781829 0.717316
vt 0.793103 0.691641
vt 0.218188 0.691641
vt 0.229462 0.691641
vt 0.240733 0.691641
vt 0.094186 0.665218
vt 0.082912 0.665218
vt 0.094188 0.606743
vt 0.218188 0.717316
vt 0.635285 0.691641
vt 0.714194 0.691641
vt 0.714196 0.717316
vt 0.578919 0.717316
vt 0.590191 0.691641
vt 0.714192 0.759250
vt 0.669161 0.965432
vt 0.658042 0.959797
vt 0.680386 0.959833
vt 0.105461 0.717316
vt 0.116736 0.691641
vt 0.466193 0.717316
vt 0.477465 0.307791
vt 0.454918 0.223080
vt 0.477466 0.223080
vt 0.297100 0.759250
vt 0.308369 0.759250
vt 0.725467 0.717316
vt 0.759284 0.717316
vt 0.759286 0.691641
vt 0.477465 0.759250
vt 0.488736 0.759250
vt 0.229421 0.836445
vt 0.240524 0.858519
vt 0.229265 0.858516
vt 0.026548 0.717316
vt 0.037820 0.691641
vt 0.037822 0.717316
vt 0.128005 0.858475
vt 0.116735 0.858475
vt 0.116732 0.836435
vt 0.049096 0.691641
vt 0.049096 0.717316
vt 0.432371 0.759250
vt 0.432372 0.717316
vt 0.443645 0.717316
vt 0.748013 0.145734
vt 0.725467 0.090643
vt 0.770557 0.691641
vt 0.770558 0.717316
vt 0.443644 0.691641
vt 0.669103 0.717316
vt 0.657831 0.691641
vt 0.669103 0.691641
vt 0.578919 0.691641
vt 0.567649 0.717316
vt 0.770558 0.759250
vt 0.569198 0.937350
vt 0.591830 0.945805
vt 0.569187 0.945810
vt 0.308371 0.307791
vt 0.285827 0.243498
vt 0.308371 0.223080
vt 0.319644 0.759250
vt 0.342190 0.691641
vt 0.353463 0.691641
vt 0.533828 0.691641
vt 0.128003 0.717316
vt 0.522559 0.691641
vt 0.139277 0.759250
vt 0.274553 0.759250
vt 0.330915 0.717316
vt 0.082915 0.894423
vt 0.094184 0.894423
vt 0.094187 0.917298
vt 0.657830 0.759250
vt 0.184368 0.691641
vt 0.184368 0.717316
vt 0.455059 0.882456
vt 0.477700 0.882459
vt 0.443646 0.021813
vt 0.432360 0.017879
vt 0.454931 0.017879
vt 0.657831 0.375298
vt 0.635285 0.419061
vt 0.635282 0.352689
vt 0.612739 0.307791
vt 0.624011 0.352689
vt 0.612740 0.352689
vt 0.252007 0.352689
vt 0.252008 0.330070
vt 0.263280 0.330070
vt 0.545099 0.375298
vt 0.545102 0.419061
vt 0.826923 0.397538
vt 0.804377 0.419061
vt 0.804378 0.352689
vt 0.691649 0.375298
vt 0.680375 0.419061
vt 0.669103 0.375298
vt 0.691649 0.352689
vt 0.139276 0.375298
vt 0.128006 0.352689
vt 0.139277 0.352689
vt 0.139278 0.307791
vt 0.150550 0.330070
vt 0.139278 0.330070
vt 0.342191 0.375298
vt 0.353462 0.419061
vt 0.342190 0.419061
vt 0.533828 0.375298
vt 0.522557 0.419061
vt 0.748014 0.375298
vt 0.748013 0.419061
vt 0.725465 0.419061
vt 0.432423 0.882454
vt 0.409809 0.858498
vt 0.432391 0.858498
vt 0.094185 0.375298
vt 0.082913 0.352689
vt 0.094186 0.352689
vt 0.026548 0.917298
vt 0.026551 0.894423
vt 0.037821 0.894423
vt 0.049093 0.352689
vt 0.049094 0.419061
vt 0.026549 0.397538
vt 0.353462 0.375298
vt 0.454917 0.352689
vt 0.477463 0.419061
vt 0.454918 0.419061
vt 0.071642 0.307791
vt 0.082912 0.330070
vt 0.071641 0.352689
vt 0.387282 0.307791
vt 0.364734 0.307791
vt 0.545557 0.882477
vt 0.557289 0.906189
vt 0.534638 0.906181
vt 0.500652 0.965368
vt 0.478037 0.959772
vt 0.500786 0.959764
vt 0.793106 0.352689
vt 0.770559 0.419061
vt 0.770558 0.352689
vt 0.409829 0.759250
vt 0.432374 0.307791
vt 0.443645 0.352689
vt 0.432373 0.352689
vt 0.150550 0.352689
vt 0.173096 0.330070
vt 0.759285 0.419061
vt 0.759285 0.375298
vt 0.206915 0.419061
vt 0.184370 0.419061
vt 0.184369 0.375298
vt 0.432373 0.419061
vt 0.454917 0.307791
vt 0.206916 0.307791
vt 0.218188 0.352689
vt 0.206917 0.352689
vt 0.308372 0.352689
vt 0.319644 0.307791
vt 0.319642 0.352689
vt 0.556374 0.375298
vt 0.556374 0.419061
vt 0.567646 0.759250
vt 0.161824 0.021813
vt 0.184384 0.017879
vt 0.184369 0.021813
vt 0.500009 0.375298
vt 0.488736 0.352689
vt 0.500009 0.352689
vt 0.342189 0.330070
vt 0.725467 0.307791
vt 0.725466 0.352689
vt 0.714193 0.330070
vt 0.702923 0.375298
vt 0.714195 0.419061
vt 0.702921 0.419061
vt 0.488737 0.375298
vt 0.488737 0.419061
vt 0.082913 0.691641
vt 0.364737 0.665218
vt 0.364737 0.691641
vt 0.533827 0.665218
vt 0.545102 0.665218
vt 0.669102 0.419061
vt 0.657829 0.419061
vt 0.195643 0.691641
vt 0.229460 0.307791
vt 0.229459 0.352689
vt 0.049095 0.882410
vt 0.173097 0.419061
vt 0.173096 0.375298
vt 0.229461 0.419061
vt 0.612738 0.419061
vt 0.590193 0.419061
vt 0.590192 0.375298
vt 0.635283 0.307791
vt 0.184368 0.330070
vt 0.150551 0.375298
vt 0.150551 0.419061
vt 0.578920 0.375298
vt 0.567648 0.419061
vt 0.578920 0.419061
vt 0.263280 0.375298
vt 0.285826 0.352689
vt 0.398554 0.352689
vt 0.195627 0.836440
vt 0.206892 0.836443
vt 0.206795 0.858509
vt 0.082914 0.419061
vt 0.094186 0.419061
vt 0.184191 0.965406
vt 0.624011 0.717316
vt 0.612740 0.759250
vt 0.748013 0.352689
vt 0.759286 0.352689
vt 0.533830 0.330070
vt 0.533829 0.352689
vt 0.522557 0.352689
vt 0.161824 0.419061
vt 0.488736 0.330070
vt 0.477465 0.352689
vt 0.049094 0.307791
vt 0.037822 0.352689
vt 0.353464 0.665218
vt 0.364735 0.606743
vt 0.815648 0.882410
vt 0.838198 0.894423
vt 0.815648 0.894423
vt 0.015276 0.352689
vt 0.015276 0.397538
vt 0.037821 0.307791
vt 0.026550 0.352689
vt 0.015276 0.307791
vt 0.409826 0.307791
vt 0.409826 0.352689
vt 0.082914 0.375298
vt 0.071640 0.419061
vt 0.714194 0.375298
vt 0.793105 0.307791
vt 0.748013 0.330070
vt 0.770557 0.307791
vt 0.759287 0.330070
vt 0.128005 0.375298
vt 0.128004 0.419061
vt 0.116734 0.419061
vt 0.725467 0.836435
vt 0.748012 0.858475
vt 0.725464 0.858475
vt 0.161816 0.965444
vt 0.150552 0.970231
vt 0.116732 0.307791
vt 0.128006 0.330070
vt 0.116734 0.352689
vt 0.545101 0.307791
vt 0.556374 0.330070
vt 0.545101 0.330070
vt 0.229462 0.021813
vt 0.206904 0.017879
vt 0.229476 0.017879
vt 0.702922 0.352689
vt 0.714194 0.352689
vt 0.443811 0.970162
vt 0.432269 0.974148
vt 0.421100 0.970165
vt 0.195644 0.665218
vt 0.173098 0.665218
vt 0.454920 0.691641
vt 0.454919 0.717316
vt 0.793105 0.419061
vt 0.308372 0.419061
vt 0.252007 0.375298
vt 0.263279 0.419061
vt 0.252006 0.419061
vt 0.319642 0.419061
vt 0.657831 0.352689
vt 0.657831 0.330070
vt 0.759286 0.243498
vt 0.770557 0.223080
vt 0.624011 0.223080
vt 0.624011 0.307791
vt 0.635283 0.223080
vt 0.657830 0.223080
vt 0.657831 0.243498
vt 0.094185 0.164526
vt 0.094186 0.145734
vt 0.116734 0.145734
vt 0.545101 0.243498
vt 0.545101 0.223080
vt 0.556373 0.243498
vt 0.691649 0.223080
vt 0.691650 0.243498
vt 0.082914 0.164526
vt 0.094186 0.223080
vt 0.082912 0.223080
vt 0.702923 0.164526
vt 0.714195 0.223080
vt 0.702922 0.223080
vt 0.590191 0.164526
vt 0.590192 0.145734
vt 0.612738 0.145734
vt 0.522555 0.307791
vt 0.522555 0.223080
vt 0.533828 0.243498
vt 0.804376 0.145734
vt 0.793104 0.223080
vt 0.793104 0.145734
vt 0.613234 0.882495
vt 0.602473 0.906204
vt 0.601995 0.882495
vt 0.770558 0.145734
vt 0.443646 0.223080
vt 0.421100 0.906163
vt 0.409777 0.882454
vt 0.387281 0.223080
vt 0.364733 0.223080
vt 0.759285 0.164526
vt 0.500008 0.164526
vt 0.500009 0.145734
vt 0.522557 0.145734
vt 0.398553 0.223080
vt 0.409826 0.223080
vt 0.714194 0.243498
vt 0.725467 0.223080
vt 0.319644 0.223080
vt 0.071643 0.223080
vt 0.071642 0.145734
vt 0.748012 0.243498
vt 0.139277 0.243498
vt 0.139278 0.223080
vt 0.150549 0.243498
vt 0.804376 0.223080
vt 0.714193 0.164526
vt 0.725465 0.145734
vt 0.364734 0.145734
vt 0.454918 0.665218
vt 0.477464 0.606743
vt 0.500010 0.243498
vt 0.454919 0.759250
vt 0.534255 0.882472
vt 0.523305 0.906178
vt 0.522950 0.882469
vt 0.691649 0.164526
vt 0.691649 0.145734
vt 0.488738 0.164526
vt 0.500010 0.223080
vt 0.488736 0.223080
vt 0.781834 0.691641
vt 0.793105 0.665218
vt 0.049095 0.223080
vt 0.229461 0.145734
vt 0.252008 0.164526
vt 0.229459 0.223080
vt 0.094187 0.243498
vt 0.116732 0.223080
vt 0.184368 0.243498
vt 0.319642 0.145734
vt 0.342191 0.164526
vt 0.556374 0.223080
vt 0.545099 0.164526
vt 0.556374 0.164526
vt 0.184368 0.164526
vt 0.184369 0.145734
vt 0.546495 0.945815
vt 0.569063 0.953249
vt 0.546383 0.953257
vt 0.635284 0.145734
vt 0.657830 0.145734
vt 0.657831 0.164526
vt 0.748014 0.164526
vt 0.702922 0.243498
vt 0.590191 0.330070
vt 0.669102 0.164526
vt 0.556375 0.352689
vt 0.578919 0.330070
vt 0.128004 0.145734
vt 0.128006 0.164526
vt 0.533828 0.145734
vt 0.533829 0.164526
vt 0.037823 0.145734
vt 0.049095 0.145734
vt 0.826923 0.307791
vt 0.826923 0.223080
vt 0.128005 0.243498
vt 0.016614 0.977286
vt 0.026773 0.974105
vt 0.037820 0.976803
vt 0.815649 0.836435
vt 0.838197 0.858475
vt 0.815648 0.858475
vt 0.150550 0.223080
vt 0.139276 0.164526
vt 0.150550 0.164526
vt 0.488737 0.243498
vt 0.387281 0.145734
vt 0.477465 0.145734
vt 0.488736 0.145734
vt 0.443645 0.307791
vt 0.082913 0.243498
vt 0.635308 0.836443
vt 0.635405 0.858509
vt 0.624176 0.858514
vt 0.240732 0.665218
vt 0.252007 0.606743
vt 0.263279 0.665218
vt 0.037823 0.223080
vt 0.533828 0.223080
vt 0.195569 0.858498
vt 0.195456 0.882456
vt 0.184277 0.882438
vt 0.353462 0.243498
vt 0.015276 0.223080
vt 0.578921 0.606743
vt 0.601466 0.606743
vt 0.601510 0.836445
vt 0.590238 0.836445
vt 0.590192 0.759250
vt 0.748011 0.606743
vt 0.770559 0.606743
vt 0.319644 0.606743
vt 0.454918 0.606743
vt 0.263278 0.606743
vt 0.285825 0.419061
vt 0.297100 0.606743
vt 0.274552 0.606743
vt 0.318529 0.927796
vt 0.341205 0.937353
vt 0.318425 0.937353
vt 0.578920 0.090643
vt 0.567649 0.090643
vt 0.567649 0.029047
vt 0.409826 0.606743
vt 0.409826 0.419061
vt 0.500009 0.419061
vt 0.342188 0.606743
vt 0.071640 0.606743
vt 0.691648 0.419061
vt 0.702923 0.606743
vt 0.680375 0.606743
vt 0.173038 0.965432
vt 0.161813 0.959833
vt 0.184157 0.959797
vt 0.206914 0.606743
vt 0.195642 0.606743
vt 0.071460 0.974207
vt 0.060365 0.970234
vt 0.082911 0.970234
vt 0.218188 0.606743
vt 0.173098 0.606743
vt 0.725467 0.606743
vt 0.826923 0.439512
vt 0.748015 0.917298
vt 0.725467 0.894423
vt 0.748015 0.894423
vt 0.116732 0.606743
vt 0.523775 0.937353
vt 0.535034 0.927799
vt 0.546507 0.937353
vt 0.793104 0.606743
vt 0.037824 0.029047
vt 0.049094 0.090643
vt 0.037823 0.090643
vt 0.500012 0.606743
vt 0.669101 0.606743
vt 0.049095 0.606743
vt 0.387281 0.606743
vt 0.387282 0.419061
vt 0.139276 0.606743
vt 0.139278 0.419061
vt 0.252007 0.145734
vt 0.240734 0.606743
vt 0.218188 0.665218
vt 0.409821 0.836440
vt 0.702921 0.665218
vt 0.680374 0.665218
vt 0.409825 0.665218
vt 0.432373 0.606743
vt 0.432375 0.665218
vt 0.500009 0.665218
vt 0.488736 0.665218
vt 0.387282 0.665218
vt 0.601467 0.665218
vt 0.612737 0.606743
vt 0.624011 0.665218
vt 0.646555 0.665218
vt 0.635285 0.606743
vt 0.759287 0.665218
vt 0.770560 0.665218
vt 0.161824 0.606743
vt 0.139278 0.665218
vt 0.308373 0.665218
vt 0.466731 0.927794
vt 0.477913 0.906166
vt 0.489524 0.927794
vt 0.173097 0.164526
vt 0.184369 0.223080
vt 0.173097 0.243498
vt 0.049094 0.665218
vt 0.037819 0.665218
vt 0.578921 0.665218
vt 0.590193 0.606743
vt 0.522555 0.665218
vt 0.274551 0.665218
vt 0.523761 0.945821
vt 0.500994 0.937353
vt 0.263280 0.243498
vt 0.285824 0.307791
vt 0.128003 0.665218
vt 0.714196 0.665218
vt 0.567647 0.606743
vt 0.128005 0.223080
vt 0.285826 0.164526
vt 0.285826 0.145734
vt 0.308371 0.145734
vt 0.398556 0.665218
vt 0.443643 0.665218
vt 0.388167 0.976941
vt 0.398395 0.970162
vt 0.408711 0.976943
vt 0.184370 0.606743
vt 0.725467 0.665218
vt 0.748013 0.665218
vt 0.071639 0.665218
vt 0.116732 0.665218
vt 0.669101 0.665218
vt 0.285826 0.223080
vt 0.273593 0.906191
vt 0.284462 0.927802
vt 0.657830 0.606743
vt 0.250706 0.959721
vt 0.273136 0.953249
vt 0.273331 0.959734
vt 0.161824 0.836437
vt 0.161822 0.858478
vt 0.150549 0.858475
vt 0.353463 0.223080
vt 0.342189 0.223080
vt 0.251083 0.974092
vt 0.228543 0.973984
vt 0.239847 0.970096
vt 0.229631 0.981175
vt 0.274787 0.977325
vt 0.296109 0.981180
vt 0.793104 0.836435
vt 0.804375 0.858475
vt 0.128007 0.759250
vt 0.139277 0.836435
vt 0.094187 0.858475
vt 0.691650 0.858475
vt 0.680375 0.836437
vt 0.702922 0.836435
vt 0.082915 0.836435
vt 0.082915 0.858475
vt 0.094187 0.836435
vt 0.094184 0.759250
vt 0.759284 0.836435
vt 0.759284 0.858475
vt 0.793106 0.858475
vt 0.770557 0.836435
vt 0.714194 0.858475
vt 0.454930 0.836440
vt 0.591706 0.927807
vt 0.591211 0.906201
vt 0.578964 0.836445
vt 0.815652 0.759250
vt 0.318894 0.906178
vt 0.341286 0.927796
vt 0.770556 0.858475
vt 0.139277 0.858475
vt 0.139278 0.882410
vt 0.128005 0.882410
vt 0.725467 0.759250
vt 0.352786 0.959769
vt 0.341289 0.953272
vt 0.364071 0.953277
vt 0.657839 0.836440
vt 0.646573 0.836440
vt 0.669104 0.836437
vt 0.680377 0.858478
vt 0.669113 0.858483
vt 0.545139 0.836443
vt 0.218153 0.836445
vt 0.229459 0.759250
vt 0.173095 0.836437
vt 0.184361 0.836440
vt 0.173086 0.858483
vt 0.511283 0.759250
vt 0.522588 0.836443
vt 0.500034 0.836443
vt 0.478024 0.974036
vt 0.477856 0.970157
vt 0.251794 0.858516
vt 0.240689 0.836445
vt 0.251961 0.836445
vt 0.522712 0.858506
vt 0.533864 0.836443
vt 0.533997 0.858506
vt 0.567847 0.858511
vt 0.579127 0.858514
vt 0.658045 0.917322
vt 0.646908 0.906166
vt 0.657957 0.894457
vt 0.568150 0.882484
vt 0.556855 0.882479
vt 0.443684 0.858498
vt 0.500135 0.858501
vt 0.387226 0.858498
vt 0.364716 0.836440
vt 0.387270 0.836440
vt 0.308335 0.836443
vt 0.297060 0.836443
vt 0.488762 0.836440
vt 0.488848 0.858501
vt 0.297098 0.665218
vt 0.466192 0.016202
vt 0.409885 0.016202
vt 0.815651 0.917298
vt 0.838195 0.917298
vt 0.838197 0.836435
vt 0.601466 0.016202
vt 0.567631 0.017879
vt 0.545160 0.016202
vt 0.443654 0.836440
vt 0.398546 0.836440
vt 0.398516 0.858498
vt 0.500910 0.953272
vt 0.523516 0.959756
vt 0.217356 0.965324
vt 0.206185 0.959746
vt 0.228266 0.959718
vt 0.319488 0.858506
vt 0.308203 0.858506
vt 0.702923 0.945856
vt 0.680390 0.953321
vt 0.680391 0.945851
vt 0.568869 0.959734
vt 0.546207 0.959746
vt 0.714195 0.145734
vt 0.702921 0.145734
vt 0.613256 0.974087
vt 0.590724 0.973987
vt 0.602352 0.970096
vt 0.545281 0.858509
vt 0.567689 0.836443
vt 0.849455 0.983591
vt 0.984724 0.983886
vt 0.617022 0.984738
vt 0.612934 0.858516
vt 0.601676 0.858519
vt 0.612778 0.836445
vt 0.500618 0.906171
vt 0.804378 0.307791
vt 0.026547 0.759250
vt 0.049095 0.836435
vt 0.026550 0.836435
vt 0.432374 0.021813
vt 0.826923 0.145734
vt 0.184154 0.917322
vt 0.195291 0.906166
vt 0.263236 0.836445
vt 0.274352 0.858511
vt 0.263072 0.858514
vt 0.015276 0.090643
vt 0.408149 0.017344
vt 0.416049 0.011818
vt 0.416049 0.017344
vt 0.625293 0.937350
vt 0.636138 0.927799
vt 0.636213 0.937353
vt 0.647080 0.927794
vt 0.748011 0.965455
vt 0.759283 0.970234
vt 0.725467 0.970234
vt 0.387140 0.882456
vt 0.387007 0.906163
vt 0.375646 0.906166
vt 0.250501 0.953239
vt 0.534542 0.970134
vt 0.511881 0.970144
vt 0.523345 0.965357
vt 0.781832 0.029047
vt 0.793104 0.021813
vt 0.635282 0.759250
vt 0.624046 0.836445
vt 0.296642 0.882477
vt 0.296919 0.858509
vt 0.398371 0.906163
vt 0.398459 0.882454
vt 0.815648 0.665218
vt 0.838197 0.691641
vt 0.139278 0.021813
vt 0.139276 0.029047
vt 0.725464 0.917298
vt 0.702922 0.937358
vt 0.702922 0.917298
vt 0.206340 0.906184
vt 0.195378 0.894477
vt 0.206611 0.882474
vt 0.296234 0.906184
vt 0.284910 0.906189
vt 0.759284 0.894423
vt 0.770560 0.917298
vt 0.793107 0.917298
vt 0.094184 0.090643
vt 0.443741 0.882454
vt 0.432467 0.906163
vt 0.161808 0.937358
vt 0.139277 0.937358
vt 0.669155 0.982222
vt 0.740281 0.982795
vt 0.714124 0.983886
vt 0.049092 0.917298
vt 0.026550 0.937358
vt 0.793103 0.937358
vt 0.580395 0.927804
vt 0.591842 0.937350
vt 0.569070 0.927802
vt 0.579912 0.906196
vt 0.804378 0.894423
vt 0.386838 0.945828
vt 0.364011 0.945826
vt 0.466554 0.906166
vt 0.228070 0.927807
vt 0.217395 0.906196
vt 0.228525 0.906201
vt 0.781834 0.970234
vt 0.804376 0.974212
vt 0.770333 0.974105
vt 0.319611 0.836443
vt 0.342064 0.858501
vt 0.624804 0.906196
vt 0.635589 0.882474
vt 0.635860 0.906184
vt 0.625186 0.927804
vt 0.646821 0.894477
vt 0.647002 0.917334
vt 0.216906 0.937350
vt 0.206062 0.927799
vt 0.217013 0.927804
vt 0.205986 0.937353
vt 0.195119 0.927794
vt 0.658105 0.937355
vt 0.297098 0.419061
vt 0.285825 0.375298
vt 0.624431 0.882487
vt 0.613675 0.906201
vt 0.614129 0.927807
vt 0.602964 0.927807
vt 0.341562 0.974133
vt 0.318862 0.974020
vt 0.330318 0.970144
vt 0.590727 0.882492
vt 0.297098 0.021813
vt 0.319644 0.021813
vt 0.546390 0.927799
vt 0.227945 0.937350
vt 0.217768 0.882487
vt 0.319644 0.665218
vt 0.342190 0.665218
vt 0.060086 0.974179
vt 0.037817 0.974056
vt 0.195197 0.917334
vt 0.523670 0.927796
vt 0.578920 0.164526
vt 0.590192 0.223080
vt 0.578920 0.243498
vt 0.341582 0.906171
vt 0.319249 0.882469
vt 0.341870 0.882464
vt 0.307561 0.906181
vt 0.489266 0.906168
vt 0.500329 0.882464
vt 0.500914 0.927794
vt 0.769504 0.976992
vt 0.749061 0.976992
vt 0.759288 0.974056
vt 0.352599 0.937353
vt 0.352675 0.927794
vt 0.386837 0.937355
vt 0.398280 0.927791
vt 0.398255 0.937355
vt 0.307166 0.927799
vt 0.364287 0.906168
vt 0.375468 0.927794
vt 0.443828 0.906163
vt 0.455192 0.906163
vt 0.636014 0.959746
vt 0.658079 0.953295
vt 0.295695 0.937353
vt 0.307053 0.937353
vt 0.478194 0.937353
vt 0.489601 0.937353
vt 0.489015 0.882461
vt 0.037820 0.959841
vt 0.037824 0.953329
vt 0.049092 0.953329
vt 0.443920 0.927791
vt 0.409732 0.906163
vt 0.432525 0.937355
vt 0.443945 0.937355
vt 0.455363 0.937355
vt 0.409674 0.937355
vt 0.409687 0.927791
vt 0.702922 0.894423
vt 0.714194 0.894423
vt 0.352933 0.906168
vt 0.353184 0.882461
vt 0.273001 0.937350
vt 0.557737 0.927802
vt 0.680395 0.937358
vt 0.161808 0.945851
vt 0.307944 0.882472
vt 0.421100 0.927791
vt 0.262758 0.882487
vt 0.262287 0.906196
vt 0.071640 0.021813
vt 0.691649 0.882410
vt 0.702921 0.882410
vt 0.364006 0.937353
vt 0.251472 0.882492
vt 0.149214 0.977284
vt 0.185103 0.977373
vt 0.139821 0.981224
vt 0.037824 0.858475
vt 0.239727 0.906204
vt 0.228965 0.882495
vt 0.614254 0.937350
vt 0.603097 0.937350
vt 0.625278 0.945808
vt 0.205994 0.945815
vt 0.184098 0.945836
vt 0.195072 0.937353
vt 0.625178 0.953244
vt 0.206073 0.953257
vt 0.184121 0.953295
vt 0.340965 0.977348
vt 0.326286 0.979567
vt 0.318103 0.976923
vt 0.217022 0.953244
vt 0.139277 0.945856
vt 0.161809 0.953321
vt 0.139275 0.953329
vt 0.128005 0.945856
vt 0.714194 0.953329
vt 0.702924 0.953329
vt 0.116732 0.965455
vt 0.128008 0.959841
vt 0.139277 0.965455
vt 0.838197 0.606743
vt 0.838197 0.439515
vt 0.714191 0.959841
vt 0.116735 0.945856
vt 0.105459 0.945856
vt 0.116735 0.937358
vt 0.455162 0.970162
vt 0.443838 0.965383
vt 0.455210 0.965380
vt 0.049096 0.937358
vt 0.037823 0.945856
vt 0.105459 0.953329
vt 0.082914 0.953329
vt 0.094188 0.945856
vt 0.759285 0.965455
vt 0.748012 0.959841
vt 0.759284 0.959841
vt 0.094188 0.965455
vt 0.105460 0.959841
vt 0.094187 0.959841
vt 0.295993 0.959746
vt 0.318534 0.953265
vt 0.318687 0.959756
vt 0.838197 0.937358
vt 0.826923 0.945856
vt 0.815649 0.937358
vt 0.770555 0.945856
vt 0.759285 0.953329
vt 0.759284 0.945856
vt 0.060366 0.945854
vt 0.049093 0.945854
vt 0.770557 0.937358
vt 0.748012 0.937358
vt 0.793106 0.945856
vt 0.804375 0.953329
vt 0.793107 0.953329
vt 0.217954 0.982209
vt 0.147008 0.982793
vt 0.206166 0.981188
vt 0.060369 0.965455
vt 0.071641 0.959841
vt 0.082914 0.965455
vt 0.770556 0.953329
vt 0.770558 0.959841
vt 0.082914 0.945856
vt 0.094187 0.937358
vt 0.026548 0.945856
vt 0.026549 0.953329
vt 0.838196 0.953329
vt 0.826923 0.953329
vt 0.026547 0.959841
vt 0.781830 0.965455
vt 0.804379 0.959841
vt 0.815650 0.953329
vt 0.116732 0.959841
vt 0.128005 0.953329
vt 0.804377 0.965455
vt 0.815651 0.959841
vt 0.815649 0.965455
vt 0.273012 0.945810
vt 0.748011 0.945856
vt 0.736740 0.953329
vt 0.736739 0.959841
vt 0.082915 0.959841
vt 0.071643 0.953329
vt 0.781833 0.959841
vt 0.793107 0.959841
vt 0.071642 0.937358
vt 0.815651 0.945856
vt 0.759259 0.983591
vt 0.545099 0.090643
vt 0.545102 0.145734
vt 0.725467 0.959841
vt 0.838194 0.959841
vt 0.398466 0.982214
vt 0.469929 0.982775
vt 0.353352 0.858501
vt 0.342165 0.836443
vt 0.353442 0.836440
vt 0.691647 0.965452
vt 0.702922 0.959841
vt 0.702922 0.965455
vt 0.838196 0.970234
vt 0.827204 0.974179
vt 0.804376 0.970234
vt 0.139277 0.959841
vt 0.216921 0.945808
vt 0.375543 0.959774
vt 0.386874 0.953280
vt 0.386931 0.959777
vt 0.341213 0.945823
vt 0.614240 0.945803
vt 0.614121 0.953237
vt 0.511284 0.717316
vt 0.522555 0.717316
vt 0.591698 0.953239
vt 0.579963 0.965324
vt 0.591493 0.959721
vt 0.454918 0.021813
vt 0.466191 0.017879
vt 0.466191 0.021813
vt 0.613934 0.959718
vt 0.478189 0.945826
vt 0.455362 0.945828
vt 0.466782 0.937353
vt 0.680388 0.917304
vt 0.432524 0.945828
vt 0.478129 0.953277
vt 0.690307 0.977284
vt 0.060366 0.959841
vt 0.060368 0.953329
vt 0.364641 0.858501
vt 0.295705 0.945815
vt 0.284341 0.937350
vt 0.523666 0.953265
vt 0.500987 0.945823
vt 0.680382 0.894431
vt 0.341552 0.965368
vt 0.352905 0.965373
vt 0.680392 0.017879
vt 0.657815 0.017879
vt 0.646557 0.016202
vt 0.409676 0.945828
vt 0.804376 0.945856
vt 0.455326 0.953280
vt 0.432512 0.953283
vt 0.432491 0.959780
vt 0.443879 0.959777
vt 0.455268 0.959777
vt 0.477935 0.965375
vt 0.736740 0.945856
vt 0.398362 0.965383
vt 0.409708 0.959780
vt 0.421100 0.965386
vt 0.398320 0.959777
vt 0.409688 0.953283
vt 0.262236 0.965324
vt 0.375417 0.937355
vt 0.318438 0.945821
vt 0.375627 0.965380
vt 0.421100 0.959780
vt 0.295817 0.953257
vt 0.261669 0.937350
vt 0.284861 0.965340
vt 0.296186 0.965347
vt 0.071639 0.917298
vt 0.342189 0.243498
vt 0.353463 0.307791
vt 0.342191 0.307791
vt 0.128011 0.983589
vt 0.037813 0.982240
vt 0.128014 0.982240
vt 0.759287 0.307791
vt 0.748014 0.307791
vt 0.590191 0.307791
vt 0.252008 0.307791
vt 0.556375 0.307791
vt 0.128004 0.307791
vt 0.657831 0.307791
vt 0.387281 0.759250
vt 0.830461 0.982795
vt 0.759278 0.982240
vt 0.771100 0.981224
vt 0.533828 0.307791
vt 0.500010 0.307791
vt 0.488736 0.307791
vt 0.071642 0.090643
vt 0.184368 0.307791
vt 0.793092 0.017879
vt 0.826923 0.017879
vt 0.804377 0.021813
vt 0.759287 0.145734
vt 0.454919 0.145734
vt 0.454917 0.090643
vt 0.274551 0.090643
vt 0.770558 0.090643
vt 0.657832 0.090643
vt 0.150550 0.145734
vt 0.082913 0.145734
vt 0.116732 0.970234
vt 0.128003 0.974056
vt 0.116957 0.974105
vt 0.139276 0.090643
vt 0.139278 0.145734
vt 0.274510 0.836443
vt 0.500869 0.981188
vt 0.546491 0.977332
vt 0.567587 0.981175
vt 0.624011 0.606743
vt 0.353463 0.145734
vt 0.015276 0.145734
vt 0.409827 0.145734
vt 0.432373 0.145734
vt 0.026550 0.439515
vt 0.026550 0.419061
vt 0.116732 0.894423
vt 0.161811 0.917304
vt 0.184094 0.937355
vt 0.330917 0.759250
vt 0.534681 0.965352
vt 0.759285 0.980415
vt 0.759286 0.759250
vt 0.748012 0.836435
vt 0.533831 0.759250
vt 0.094187 0.330070
vt 0.590192 0.352689
vt 0.026551 0.665218
vt 0.060365 0.691641
vt 0.398556 0.691641
vt 0.342190 0.717316
vt 0.342192 0.759250
vt 0.342190 0.352689
vt 0.353463 0.352689
vt 0.206914 0.691641
vt 0.184369 0.352689
vt 0.161826 0.665218
vt 0.488737 0.691641
vt 0.376011 0.691641
vt 0.545100 0.352689
vt 0.432374 0.691641
vt 0.236887 0.982767
vt 0.567649 0.665218
vt 0.274552 0.021813
vt 0.251992 0.017879
vt 0.274568 0.017879
vt 0.195645 0.017879
vt 0.590193 0.021813
vt 0.274552 0.419061
vt 0.229462 0.606743
vt 0.240733 0.016202
vt 0.195643 0.016202
vt 0.037821 0.980415
vt 0.049636 0.981224
vt 0.545101 0.021813
vt 0.567647 0.021813
vt 0.116719 0.017879
vt 0.139292 0.017879
vt 0.545115 0.017879
vt 0.759285 0.021813
vt 0.094186 0.021813
vt 0.116732 0.021813
vt 0.105460 0.029047
vt 0.488738 0.021813
vt 0.477449 0.017879
vt 0.500025 0.017879
vt 0.094201 0.017879
vt 0.105460 0.017879
vt 0.139336 0.016202
vt 0.105461 0.016202
vt 0.432512 0.927791
vt 0.725480 0.017879
vt 0.736740 0.017879
vt 0.725467 0.021813
vt 0.477464 0.021813
vt 0.511284 0.016202
vt 0.398553 0.021813
vt 0.387268 0.017879
vt 0.409839 0.017879
vt 0.015276 0.029047
vt 0.037822 0.021813
vt 0.015276 0.017879
vt 0.049108 0.017879
vt 0.826923 0.016202
vt 0.781830 0.016202
vt 0.770559 0.029047
vt 0.770559 0.021813
vt 0.364736 0.021813
vt 0.376008 0.017879
vt 0.376008 0.021813
vt 0.376008 0.029047
vt 0.387281 0.021813
vt 0.376007 0.016202
vt 0.658008 0.965406
vt 0.669147 0.970211
vt 0.646860 0.970157
vt 0.522555 0.021813
vt 0.500010 0.021813
vt 0.511283 0.029047
vt 0.646925 0.965375
vt 0.635784 0.970129
vt 0.635882 0.965347
vt 0.511283 0.017879
vt 0.082914 0.021813
vt 0.624843 0.965324
vt 0.252007 0.021813
vt 0.702922 0.021813
vt 0.590208 0.017879
vt 0.297084 0.017879
vt 0.612740 0.029047
vt 0.635285 0.021813
vt 0.612737 0.021813
vt 0.612728 0.017879
vt 0.601468 0.017879
vt 0.341413 0.959764
vt 0.522542 0.017879
vt 0.590192 0.243498
vt 0.612740 0.223080
vt 0.826923 0.029047
vt 0.826923 0.021813
vt 0.353461 0.021813
vt 0.342175 0.017879
vt 0.364750 0.017879
vt 0.646555 0.017879
vt 0.657830 0.021813
vt 0.330915 0.016202
vt 0.161808 0.017879
vt 0.680375 0.021813
vt 0.702907 0.017879
vt 0.747998 0.017879
vt 0.770573 0.017879
vt 0.240731 0.017879
vt 0.781831 0.017879
vt 0.781832 0.021813
vt 0.748013 0.021813
vt 0.736739 0.029047
vt 0.736738 0.016202
vt 0.206914 0.021813
vt 0.206916 0.029047
vt 0.602530 0.965314
vt 0.613727 0.965314
vt 0.409826 0.021813
vt 0.364736 0.029047
vt 0.071626 0.017879
vt 0.049095 0.021813
vt 0.060368 0.017879
vt 0.060368 0.021813
vt 0.060369 0.016202
vt 0.342190 0.021813
vt 0.330916 0.029047
vt 0.319657 0.017879
vt 0.330916 0.017879
vt 0.702922 0.858475
vt 0.297040 0.016202
vt 0.239669 0.965314
vt 0.250931 0.965319
vt 0.432379 0.836440
vt 0.702863 0.016202
vt 0.838196 0.965455
vt 0.557338 0.965340
vt 0.568657 0.965332
vt 0.015276 0.016202
vt 0.240204 0.882495
vt 0.826923 0.606743
vt 0.432373 0.223080
vt 0.037822 0.882410
vt 0.500010 0.330070
vt 0.669146 0.980397
vt 0.658988 0.976959
vt 0.679325 0.976984
vt 0.128008 0.970234
vt 0.353463 0.330070
vt 0.138220 0.976992
vt 0.489203 0.970152
vt 0.364734 0.090643
vt 0.262407 0.970106
vt 0.251111 0.970101
vt 0.725639 0.974207
vt 0.556373 0.090643
vt 0.285826 0.090643
vt 0.353463 0.759250
vt 0.263279 0.164526
vt 0.725467 0.965455
vt 0.714191 0.970234
vt 0.387044 0.970162
vt 0.364581 0.974141
vt 0.375690 0.970160
vt 0.646557 0.606743
vt 0.635880 0.974115
vt 0.669140 0.974036
vt 0.150550 0.882410
vt 0.161820 0.882415
vt 0.680383 0.965444
vt 0.128008 0.980415
vt 0.590405 0.858516
vt 0.228473 0.965314
vt 0.624704 0.970106
vt 0.613562 0.970096
vt 0.579793 0.970106
vt 0.591269 0.965319
vt 0.048039 0.976992
vt 0.410336 0.981195
vt 0.477141 0.981193
vt 0.307658 0.970134
vt 0.318855 0.965357
vt 0.352996 0.970152
vt 0.714195 0.307791
vt 0.702922 0.307791
vt 0.635295 0.017879
vt 0.341657 0.970150
vt 0.409745 0.970165
vt 0.569324 0.976905
vt 0.557334 0.974079
vt 0.579662 0.973943
vt 0.398463 0.980381
vt 0.828261 0.977286
vt 0.285020 0.970121
vt 0.297593 0.976915
vt 0.285428 0.974079
vt 0.307770 0.973966
vt 0.557179 0.970121
vt 0.702922 0.330070
vt 0.691649 0.330070
vt 0.071644 0.945854
vt 0.353461 0.164526
vt 0.489024 0.980376
vt 0.499345 0.976931
vt 0.510379 0.977223
vt 0.273542 0.965332
vt 0.094185 0.307791
vt 0.082913 0.307791
vt 0.546017 0.965347
vt 0.139277 0.894423
vt 0.657392 0.981198
vt 0.579376 0.982199
vt 0.591246 0.981170
vt 0.680937 0.981213
vt 0.726301 0.977407
vt 0.747460 0.981224
vt 0.579450 0.980353
vt 0.589800 0.976895
vt 0.600773 0.977189
vt 0.307518 0.965352
vt 0.386593 0.981193
vt 0.339264 0.979818
vt 0.365292 0.977353
vt 0.327049 0.982770
vt 0.250357 0.937350
vt 0.759287 0.223080
vt 0.748013 0.223080
vt 0.026006 0.981224
vt 0.116184 0.981224
vt 0.207598 0.976915
vt 0.252007 0.223080
vt 0.150552 0.965452
vt 0.319811 0.981185
vt 0.307939 0.980366
vt 0.195667 0.974110
vt 0.217605 0.973943
vt 0.139053 0.974105
vt 0.560352 0.982765
vt 0.488993 0.982212
vt 0.015276 0.419061
vt 0.636476 0.977335
vt 0.364162 0.959772
vt 0.545918 0.974115
vt 0.657923 0.882438
vt 0.646743 0.882456
vt 0.725467 0.882410
vt 0.748013 0.882410
vt 0.759284 0.882410
vt 0.714194 0.882410
vt 0.680379 0.882415
vt 0.094186 0.882410
vt 0.082915 0.882410
vt 0.804377 0.882410
vt 0.793104 0.882410
vt 0.534195 0.983876
vt 0.026551 0.882410
vt 0.026551 0.858475
vt 0.511508 0.974099
vt 0.238772 0.977192
vt 0.195280 0.965375
vt 0.252008 0.243498
vt 0.116732 0.882410
vt 0.049092 0.959841
vt 0.669132 0.882423
vt 0.556373 0.145734
vt 0.646631 0.858498
vt 0.579441 0.882487
vt 0.218024 0.858514
vt 0.330198 0.965363
vt 0.150270 0.974176
vt 0.150552 0.307791
vt 0.364500 0.882459
vt 0.285826 0.330070
vt 0.274050 0.882484
vt 0.150550 0.090643
vt 0.545099 0.029047
vt 0.702921 0.691641
vt 0.477465 0.717316
vt 0.026550 0.691641
vt 0.826923 0.352689
vt 0.826923 0.419061
vt 0.218188 0.307791
vt 0.398554 0.307791
vt 0.838198 0.882410
vt 0.419758 0.977238
vt 0.015558 0.974179
vt 0.105461 0.970234
vt 0.026550 0.606743
vt 0.522555 0.759250
vt 0.939657 0.983589
vt 0.413752 0.019123
vt 0.412099 0.019414
vt 0.410446 0.019123
vt 0.408992 0.018284
vt 0.407339 0.015421
vt 0.407339 0.013742
vt 0.408149 0.011818
vt 0.408992 0.010879
vt 0.410446 0.010040
vt 0.412517 0.009779
vt 0.413752 0.010040
vt 0.415205 0.010879
vt 0.416858 0.013742
vt 0.416858 0.015421
vt 0.415205 0.018284
vt 0.838198 0.665218
vt 0.579300 0.983568
vt 0.838195 0.945856
vt 0.173077 0.983886
vt 0.838420 0.974105
vt 0.037808 0.983591
vt 0.018814 0.982795
vt 0.837653 0.981224
vt 0.849460 0.982240
vt 0.307996 0.982206
vt 0.015276 0.021813
vt 0.274017 0.974102
vt 0.227823 0.976895
vt 0.015276 0.439512
vn -0.8403 -0.4936 0.2241
vn -0.7878 -0.5002 0.3594
vn -0.8721 -0.3701 0.3202
vn 0.8437 0.4883 -0.2231
vn 0.8709 0.4852 -0.0784
vn 0.9072 0.3915 -0.1538
vn -0.3465 -0.4377 0.8297
vn -0.2229 -0.4954 0.8396
vn -0.2578 -0.3708 0.8922
vn 0.2389 -0.3698 -0.8979
vn 0.1511 -0.4933 -0.8567
vn 0.0803 -0.3727 -0.9245
vn -0.6513 -0.5266 0.5464
vn -0.7565 -0.4399 0.4839
vn -0.7096 -0.5214 0.4740
vn -0.8055 -0.3696 0.4631
vn -0.8436 -0.3690 0.3901
vn 0.2775 0.1323 0.9516
vn 0.4024 0.0366 0.9147
vn 0.3991 0.1324 0.9073
vn 0.4895 -0.5218 0.6987
vn 0.5145 -0.4428 0.7343
vn 0.4484 -0.4425 0.7766
vn 0.5191 0.8485 0.1024
vn 0.4231 0.8959 0.1354
vn 0.4923 0.8496 0.1894
vn -0.7622 -0.3669 0.5334
vn -0.6869 -0.4428 0.5763
vn -0.7127 -0.3669 0.5979
vn -0.6779 0.2811 -0.6793
vn -0.7400 0.2584 -0.6210
vn -0.7864 0.2817 -0.5498
vn 0.0459 0.8433 0.5355
vn 0.0417 0.7690 0.6379
vn 0.1211 0.7744 0.6210
vn -0.4265 -0.5218 0.7388
vn -0.4484 -0.4425 0.7766
vn 0.5764 -0.4424 0.6870
vn 0.6030 -0.5219 0.6033
vn 0.6338 -0.4428 0.6342
vn -0.8370 0.4762 0.2696
vn -0.8657 0.4826 0.1327
vn -0.8966 0.3904 0.2092
vn 0.0567 -0.4929 -0.8682
vn -0.0803 -0.3727 -0.9245
vn 0.4265 -0.5218 0.7388
vn 0.3465 -0.4377 0.8297
vn 0.3602 -0.5219 0.7732
vn 0.9241 -0.3736 -0.0808
vn 0.8403 -0.4936 -0.2241
vn 0.9010 -0.3737 -0.2202
vn -0.1325 -0.4929 0.8599
vn -0.5764 -0.4424 -0.6870
vn -0.6030 -0.5219 -0.6033
vn -0.6338 -0.4428 -0.6342
vn 0.6869 -0.4428 0.5763
vn 0.7127 -0.3669 0.5979
vn 0.6442 -0.3654 0.6719
vn -0.9241 -0.3736 -0.0808
vn -0.8670 -0.4925 0.0759
vn -0.9241 -0.3736 0.0808
vn 0.7623 -0.3664 -0.5335
vn 0.6869 -0.4428 -0.5763
vn 0.7127 -0.3669 -0.5979
vn 0.8721 -0.3701 0.3202
vn 0.8436 -0.3690 0.3901
vn 0.7878 -0.5002 0.3594
vn 0.0000 -0.3736 0.9276
vn -0.1412 -0.3737 0.9167
vn 0.6513 -0.5266 0.5464
vn 0.7565 -0.4399 0.4839
vn 0.9241 -0.3736 0.0808
vn 0.8670 -0.4925 -0.0759
vn 0.8403 -0.4936 0.2241
vn 0.9010 -0.3737 0.2202
vn -0.6306 -0.1939 0.7515
vn -0.5722 -0.0741 0.8167
vn -0.5630 -0.1941 0.8033
vn 0.7878 -0.5002 -0.3594
vn 0.8721 -0.3701 -0.3202
vn -0.8403 -0.4936 -0.2241
vn -0.9010 -0.3737 -0.2202
vn 0.6513 -0.5266 -0.5464
vn 0.7565 -0.4399 -0.4839
vn 0.7096 -0.5214 -0.4740
vn 0.1686 0.9319 0.3213
vn 0.2692 0.8949 0.3560
vn 0.2538 0.9271 0.2760
vn -0.0526 0.9335 -0.3547
vn -0.1119 0.8979 -0.4257
vn -0.1445 0.9274 -0.3451
vn -0.4895 -0.5218 -0.6987
vn -0.5145 -0.4428 -0.7343
vn -0.4484 -0.4425 -0.7766
vn 0.4484 -0.4425 -0.7766
vn 0.5349 -0.3658 -0.7616
vn 0.5145 -0.4428 -0.7343
vn -0.6030 -0.5219 0.6033
vn -0.6338 -0.4428 0.6342
vn -0.5349 -0.3658 -0.7616
vn -0.6442 -0.3654 -0.6719
vn 0.9426 0.2837 -0.1759
vn 0.9531 0.1643 -0.2541
vn 0.9014 0.2832 -0.3274
vn 0.3465 -0.4377 -0.8297
vn 0.2229 -0.4954 -0.8396
vn 0.4265 -0.5218 -0.7388
vn -0.0567 -0.4929 -0.8682
vn -0.1511 -0.4933 -0.8566
vn -0.8051 0.5800 0.1242
vn -0.6234 0.4716 0.6237
vn -0.6793 0.4623 0.5700
vn -0.6600 0.3588 0.6600
vn 0.9465 0.1232 0.2981
vn 0.8929 0.1373 0.4288
vn 0.9346 0.0372 0.3538
vn -0.4265 -0.5218 -0.7388
vn -0.3465 -0.4377 -0.8297
vn -0.3602 -0.5219 -0.7732
vn 0.5764 -0.4424 -0.6870
vn 0.4895 -0.5218 -0.6987
vn -0.5349 -0.3658 0.7616
vn -0.5145 -0.4428 0.7343
vn 0.6030 -0.5219 -0.6033
vn 0.6338 -0.4428 -0.6342
vn -0.6869 -0.4428 -0.5763
vn -0.7127 -0.3669 -0.5979
vn 0.5646 -0.2980 -0.7697
vn 0.6442 -0.3654 -0.6719
vn -0.5764 -0.4424 0.6870
vn -0.4895 -0.5218 0.6987
vn -0.3911 -0.3670 -0.8440
vn 0.2229 -0.4954 0.8396
vn 0.2882 -0.5087 0.8113
vn -0.3501 0.8953 0.2755
vn -0.4040 0.8899 0.2117
vn -0.4559 0.8479 0.2707
vn -0.2229 -0.4954 -0.8396
vn -0.2882 -0.5087 -0.8113
vn -0.6513 -0.5266 -0.5464
vn -0.7565 -0.4399 -0.4839
vn 0.3957 -0.1930 0.8979
vn 0.4986 -0.0742 0.8637
vn 0.4905 -0.1941 0.8495
vn 0.8885 -0.1941 0.4159
vn 0.9371 -0.0739 0.3410
vn 0.9476 -0.1951 0.2531
vn 0.2793 -0.0726 0.9575
vn 0.3953 -0.1904 0.8986
vn 0.4016 -0.0726 0.9129
vn 0.2789 0.0897 -0.9561
vn 0.3861 0.2507 -0.8877
vn 0.3917 0.0852 -0.9161
vn -0.9685 -0.0723 -0.2382
vn -0.9839 0.0424 -0.1736
vn -0.9916 -0.0723 -0.1075
vn -0.9916 -0.0723 0.1075
vn -0.9839 0.0424 0.1736
vn -0.9685 -0.0723 0.2382
vn 0.9371 -0.0739 -0.3410
vn 0.9651 0.0412 -0.2584
vn 0.9389 0.0418 -0.3416
vn -0.8158 -0.1943 -0.5448
vn -0.7640 -0.0742 -0.6410
vn -0.8293 -0.0742 -0.5538
vn -0.8885 -0.1941 0.4159
vn -0.8293 -0.0742 0.5538
vn -0.8158 -0.1942 0.5448
vn 0.9389 0.0418 0.3416
vn 0.8943 -0.0742 0.4412
vn 0.8960 0.0418 0.4420
vn 0.8293 -0.0742 0.5538
vn 0.7653 0.0418 0.6423
vn 0.8308 0.0418 0.5550
vn -0.8960 0.0418 0.4420
vn -0.8943 -0.0742 0.4412
vn -0.5630 -0.1942 -0.8033
vn -0.4986 -0.0741 -0.8637
vn -0.5722 -0.0741 -0.8167
vn 0.9916 -0.0723 0.1075
vn 0.9769 -0.1952 0.0864
vn 0.6933 -0.1941 0.6940
vn 0.6306 -0.1939 0.7515
vn 0.7049 -0.0741 0.7054
vn 0.5899 0.0399 0.8065
vn 0.5722 -0.0741 0.8167
vn -0.6918 0.0399 0.7210
vn -0.5899 0.0399 0.8065
vn -0.6410 -0.0747 0.7639
vn -0.1714 0.1538 0.9731
vn -0.1674 0.2820 0.9447
vn -0.0840 0.2845 0.9550
vn -0.2791 -0.0782 -0.9571
vn -0.3950 -0.1926 -0.8982
vn -0.4014 -0.0785 -0.9126
vn -0.9991 0.0418 -0.0000
vn -0.9953 0.0413 -0.0873
vn -0.8960 0.0418 -0.4420
vn -0.8308 0.0418 -0.5550
vn 0.2585 -0.0742 -0.9632
vn 0.3412 -0.0739 -0.9371
vn 0.2590 0.0418 -0.9650
vn -0.9251 -0.1168 0.3613
vn -0.8831 -0.0345 0.4678
vn -0.9310 0.0225 0.3644
vn -0.2585 -0.0742 0.9632
vn -0.1731 -0.0739 0.9821
vn -0.2541 -0.1919 0.9479
vn 0.0847 -0.1931 0.9775
vn -0.0648 -0.0742 0.9951
vn 0.0649 -0.0742 0.9951
vn 0.1731 -0.0739 -0.9821
vn 0.0651 0.0418 -0.9970
vn 0.0648 -0.0742 -0.9951
vn -0.1736 0.0418 0.9839
vn -0.0652 0.0418 0.9970
vn 0.3956 -0.1931 -0.8979
vn 0.4986 -0.0741 -0.8637
vn 0.4213 -0.0741 -0.9039
vn 0.6211 0.7806 0.0701
vn 0.5274 0.8496 0.0074
vn 0.4217 -0.0741 0.9037
vn 0.3412 -0.0739 0.9371
vn 0.4219 0.0418 0.9057
vn 0.9876 -0.1568 0.0000
vn 0.9823 -0.1592 0.0991
vn 0.9563 -0.2815 0.0791
vn -0.4219 0.0418 -0.9057
vn -0.3416 0.0412 -0.9389
vn -0.3990 0.1520 -0.9042
vn -0.5899 0.0399 -0.8065
vn 0.6831 0.2497 0.6863
vn 0.7591 0.1336 0.6371
vn 0.7923 0.2495 0.5567
vn 0.7640 -0.0742 -0.6410
vn 0.6918 0.0399 -0.7210
vn 0.7049 -0.0741 -0.7054
vn 0.8077 0.5844 -0.0778
vn 0.2541 -0.1919 0.9479
vn 0.7653 0.0418 -0.6423
vn 0.8293 -0.0742 -0.5538
vn 0.8308 0.0418 -0.5550
vn 0.8960 0.0418 -0.4420
vn 0.8943 -0.0742 -0.4412
vn 0.9475 -0.1953 -0.2531
vn 0.9916 -0.0723 -0.1075
vn 0.9685 -0.0723 -0.2382
vn -0.2268 0.8915 -0.3922
vn -0.3062 0.8471 -0.4343
vn -0.2643 0.8915 -0.3680
vn -0.4023 0.0366 0.9148
vn -0.2775 0.1323 0.9516
vn -0.3991 0.1323 0.9073
vn -0.3412 -0.0739 0.9371
vn -0.2590 0.0418 0.9650
vn 0.9991 0.0418 0.0000
vn 0.9953 0.0413 -0.0873
vn 0.9839 0.0424 -0.1736
vn 0.5845 0.1539 0.7967
vn 0.4941 0.1536 0.8557
vn 0.5513 0.2811 0.7856
vn 0.9973 -0.0739 -0.0000
vn -0.9953 0.0413 0.0873
vn -0.7653 0.0418 0.6423
vn -0.7640 -0.0742 0.6410
vn -0.9371 -0.0739 -0.3410
vn -0.9651 0.0412 -0.2584
vn -0.7514 -0.1940 0.6307
vn -0.5945 0.7701 0.2314
vn -0.7083 0.6720 0.2159
vn -0.6697 0.6670 0.3264
vn 0.6410 -0.0747 0.7639
vn 0.6918 0.0399 0.7210
vn -0.3412 -0.0739 -0.9371
vn -0.3969 -0.0289 -0.9174
vn -0.2765 -0.1563 -0.9482
vn -0.3879 -0.1616 -0.9074
vn 0.8158 -0.1943 -0.5448
vn 0.7514 -0.1942 -0.6306
vn -0.7049 -0.0741 0.7054
vn -0.4986 -0.0742 0.8637
vn -0.4994 0.0418 0.8654
vn -0.3956 -0.1931 -0.8979
vn -0.4905 -0.1942 -0.8495
vn 0.9771 -0.1949 -0.0852
vn 0.9815 -0.0837 -0.1723
vn 0.9928 -0.0839 -0.0851
vn 0.1736 0.0418 0.9839
vn 0.1731 -0.0739 0.9821
vn 0.7639 -0.0742 0.6410
vn 0.6897 -0.0728 0.7204
vn 0.6923 -0.1919 0.6956
vn 0.2590 0.0418 0.9650
vn 0.2585 -0.0742 0.9632
vn -0.0841 -0.1942 -0.9774
vn -0.0648 -0.0742 -0.9951
vn -0.1731 -0.0739 -0.9821
vn -0.5646 -0.2980 0.7697
vn -0.6442 -0.3654 0.6719
vn -0.4219 0.0418 0.9057
vn -0.4212 -0.0737 0.9040
vn -0.1736 0.0418 -0.9839
vn -0.9371 -0.0739 0.3410
vn -0.9651 0.0412 0.2584
vn -0.9389 0.0418 0.3416
vn -0.9389 0.0418 -0.3416
vn -0.8943 -0.0742 -0.4412
vn -0.3957 -0.1930 0.8979
vn -0.8332 0.3939 -0.3882
vn -0.8447 0.4844 -0.2278
vn -0.7958 0.4789 -0.3707
vn 0.7762 -0.0283 -0.6298
vn 0.8548 -0.1053 -0.5082
vn 0.7645 -0.1592 -0.6247
vn 0.6933 -0.1942 -0.6940
vn 0.5899 0.0399 -0.8065
vn 0.4996 0.0418 -0.8653
vn -0.7653 0.0418 -0.6423
vn 0.7640 -0.0742 0.6410
vn -0.6918 0.0399 -0.7210
vn 0.8158 -0.1942 0.5448
vn 0.8884 -0.1943 -0.4159
vn 0.6410 -0.0747 -0.7639
vn 0.4956 0.1337 0.8582
vn 0.5863 0.1322 0.7992
vn 0.5573 0.2496 0.7919
vn -0.9475 -0.1952 0.2531
vn 0.9651 0.0412 0.2584
vn 0.9685 -0.0723 0.2382
vn -0.2777 0.0417 -0.9598
vn -0.4042 0.0412 -0.9137
vn -0.1292 -0.6682 -0.7327
vn -0.0389 -0.8783 -0.4765
vn -0.1142 -0.8726 -0.4750
vn -0.9649 0.1377 0.2237
vn -0.9646 0.2507 0.0820
vn -0.9912 0.0866 0.1003
vn -0.9942 -0.0283 -0.1038
vn -0.9959 0.0903 -0.0000
vn -0.9912 0.0866 -0.1003
vn 0.9654 0.0765 -0.2493
vn 0.9719 0.0310 -0.2333
vn 0.9310 0.0225 -0.3644
vn -0.8117 0.1362 -0.5680
vn -0.7916 0.2584 -0.5538
vn -0.0338 0.1599 0.9866
vn -0.1639 0.2418 0.9564
vn -0.1553 0.0855 0.9842
vn -0.8679 0.1337 0.4784
vn -0.8757 0.2572 0.4087
vn -0.9247 0.1286 0.3582
vn -0.8762 0.0764 0.4758
vn 0.8117 0.1362 0.5680
vn 0.7638 0.0764 0.6409
vn 0.8169 0.0764 0.5717
vn 0.8189 -0.0318 0.5730
vn 0.8763 0.0310 0.4808
vn 0.8189 0.0310 0.5730
vn 0.5954 0.1377 -0.7915
vn 0.4830 0.2584 -0.8366
vn 0.5714 0.2580 -0.7790
vn -0.7379 0.1395 -0.6604
vn -0.6684 0.2548 -0.6988
vn -0.5954 0.1377 0.7915
vn -0.5714 0.2580 0.7790
vn -0.6684 0.2548 0.6988
vn -0.0673 0.0421 -0.9968
vn 0.0650 -0.0779 -0.9948
vn -0.0650 -0.0779 -0.9948
vn 0.5954 0.1377 0.7916
vn 0.4985 0.0764 0.8635
vn 0.5897 0.0764 0.8040
vn 0.0822 0.2497 0.9648
vn 0.0647 0.1323 0.9891
vn 0.1721 0.1337 0.9760
vn 0.2789 0.0896 0.9561
vn 0.2669 0.2414 0.9330
vn 0.1194 0.1609 0.9797
vn 0.4675 0.1395 -0.8729
vn -0.2789 0.0897 -0.9561
vn -0.3861 0.2507 -0.8877
vn -0.2521 0.2473 -0.9356
vn 0.3969 -0.0289 0.9174
vn 0.4890 0.0311 0.8717
vn 0.3917 0.0852 0.9161
vn 0.2798 -0.0290 -0.9596
vn 0.3969 -0.0289 -0.9174
vn -0.8186 0.0414 -0.5728
vn -0.8541 0.1658 -0.4930
vn -0.7661 0.1675 -0.6205
vn -0.3644 0.7728 -0.5195
vn -0.3105 0.6790 -0.6652
vn -0.4208 0.6800 -0.6004
vn -0.2789 0.0897 0.9561
vn -0.3861 0.2507 0.8877
vn -0.3917 0.0852 0.9161
vn 0.0841 -0.1942 -0.9774
vn -0.0652 -0.0290 -0.9974
vn -0.1729 0.0903 -0.9808
vn -0.0649 0.0897 -0.9939
vn 0.8762 0.0764 0.4758
vn 0.9310 0.0226 0.3644
vn -0.4830 0.2584 0.8366
vn -0.4675 0.1395 0.8729
vn 0.9646 0.2507 0.0820
vn 0.9385 0.2577 0.2297
vn 0.9649 0.1377 0.2237
vn -0.0830 0.2473 -0.9654
vn -0.2798 -0.0290 -0.9596
vn 0.9942 -0.0283 0.1038
vn 0.9959 0.0903 0.0000
vn 0.9912 0.0866 0.1003
vn 0.7716 0.0867 -0.6301
vn 0.6949 -0.0283 -0.7185
vn 0.6948 0.0867 -0.7139
vn -0.8679 0.1337 -0.4784
vn -0.8366 0.2584 -0.4830
vn -0.8884 -0.1943 -0.4159
vn 0.6797 -0.6613 0.3174
vn 0.4699 -0.8710 0.1432
vn 0.7262 -0.6583 0.1981
vn -0.5954 0.1377 -0.7916
vn -0.4985 0.0764 -0.8635
vn -0.5897 0.0764 -0.8040
vn 0.5945 0.0310 -0.8035
vn -0.6906 -0.0282 0.7227
vn -0.6877 0.0822 0.7213
vn -0.7577 0.0311 0.6519
vn -0.8117 0.1362 0.5680
vn -0.7400 0.2584 0.6210
vn -0.7915 0.2584 0.5538
vn -0.4675 0.1395 -0.8729
vn -0.4830 0.2584 -0.8366
vn 0.4994 0.0418 0.8654
vn 0.3990 0.1520 -0.9042
vn 0.4219 0.0418 -0.9057
vn -0.7570 0.1536 -0.6351
vn -0.8217 0.1539 -0.5487
vn -0.9078 0.2584 0.3304
vn -0.9385 0.2577 0.2297
vn 0.9839 0.0424 0.1736
vn 0.9942 -0.0283 -0.1038
vn 0.9912 0.0866 -0.1003
vn 0.2797 0.0366 0.9594
vn 0.9078 0.2584 0.3304
vn 0.9247 0.1286 0.3582
vn 0.9646 0.2507 -0.0820
vn -0.9646 0.2507 -0.0820
vn -0.9385 0.2577 -0.2297
vn -0.9649 0.1377 -0.2237
vn -0.9942 -0.0283 0.1038
vn 0.9719 0.0310 0.2333
vn 0.8679 0.1337 0.4784
vn 0.8366 0.2584 0.4830
vn -0.9247 0.1286 -0.3582
vn -0.8757 0.2572 -0.4087
vn -0.9078 0.2584 -0.3304
vn 0.9247 0.1286 -0.3582
vn 0.8657 0.0764 -0.4948
vn 0.1729 0.0903 -0.9808
vn 0.9659 -0.1936 0.1719
vn 0.9771 -0.1944 0.0870
vn 0.9923 -0.0820 0.0930
vn 0.4830 0.2584 0.8366
vn 0.5714 0.2580 0.7790
vn 0.6054 0.7754 0.1798
vn -0.9973 -0.0739 -0.0000
vn -0.9769 -0.1952 -0.0864
vn -0.5897 0.0764 0.8040
vn -0.4985 0.0764 0.8635
vn -0.7577 0.0311 -0.6519
vn -0.7638 0.0764 -0.6409
vn -0.6877 0.0822 -0.7213
vn 0.8757 0.2572 0.4087
vn -0.4890 0.0311 -0.8717
vn -0.3917 0.0852 -0.9161
vn 0.2798 -0.0290 0.9596
vn 0.1768 0.0845 0.9806
vn 0.4941 0.1536 -0.8557
vn 0.4047 0.2811 -0.8702
vn -0.0653 0.0366 0.9972
vn -0.0647 0.1323 0.9891
vn -0.0216 0.0771 0.9968
vn 0.1541 -0.0317 0.9875
vn 0.0866 0.0760 0.9933
vn -0.0020 -0.0317 0.9995
vn 0.0652 -0.0290 -0.9974
vn 0.0649 0.0897 -0.9939
vn 0.4675 0.1395 0.8729
vn 0.3861 0.2507 0.8877
vn -0.7379 0.1395 0.6604
vn -0.2798 -0.0290 0.9596
vn -0.5945 0.0310 0.8035
vn -0.3969 -0.0289 0.9174
vn -0.4890 0.0311 0.8717
vn 0.7379 0.1395 0.6604
vn 0.7400 0.2584 0.6210
vn 0.6684 0.2548 0.6988
vn -0.6923 -0.1919 0.6956
vn -0.5898 -0.0726 0.8043
vn -0.6895 -0.0729 0.7206
vn 0.5725 0.7721 0.2757
vn 0.4626 0.8450 0.2681
vn 0.6906 -0.0282 0.7227
vn 0.7577 0.0311 0.6519
vn 0.6877 0.0822 0.7213
vn -0.8189 -0.0318 -0.5730
vn -0.8763 0.0310 -0.4808
vn -0.8189 0.0310 -0.5730
vn 0.7506 -0.6579 -0.0619
vn 0.4912 -0.8707 0.0258
vn 0.4906 -0.8710 -0.0263
vn -0.8169 0.0764 0.5717
vn -0.7638 0.0764 0.6409
vn -0.0821 0.8479 -0.5237
vn -0.0315 0.8953 -0.4444
vn -0.0086 0.8495 -0.5276
vn 0.9733 0.1525 0.1716
vn 0.9351 0.1531 0.3195
vn -0.2590 0.0418 -0.9650
vn -0.2585 -0.0742 -0.9632
vn -0.2714 0.2457 0.9306
vn 0.7425 0.2461 -0.6230
vn 0.9649 0.1377 -0.2237
vn 0.9078 0.2584 -0.3304
vn 0.9385 0.2577 -0.2297
vn 0.6722 0.2498 -0.6970
vn -0.9654 0.0765 0.2493
vn -0.9719 0.0310 0.2333
vn -0.4688 -0.1030 0.8773
vn -0.3879 -0.1616 0.9074
vn -0.9876 -0.1568 -0.0000
vn -0.9996 -0.0291 -0.0000
vn -0.9823 -0.1592 0.0991
vn -0.9479 -0.1805 0.2624
vn -0.9689 -0.1053 0.2239
vn 0.5842 -0.2368 0.7763
vn 0.5646 -0.2980 0.7697
vn 0.6612 -0.2877 0.6929
vn -0.8146 -0.1077 -0.5699
vn -0.8066 -0.1759 -0.5644
vn -0.8716 -0.1077 -0.4783
vn -0.8682 -0.1782 0.4631
vn -0.8716 -0.1077 0.4782
vn 0.4596 -0.2350 0.8565
vn 0.5822 -0.1758 0.7938
vn 0.4922 -0.1759 0.8525
vn -0.7957 -0.2388 0.5567
vn -0.7541 -0.1759 0.6328
vn -0.8066 -0.1759 0.5644
vn -0.9465 -0.2367 -0.2192
vn -0.9182 -0.3028 -0.2556
vn -0.9563 -0.2815 -0.0791
vn -0.6906 -0.0282 -0.7227
vn -0.6808 -0.1645 -0.7138
vn -0.7406 -0.1030 -0.6640
vn -0.1464 -0.2751 0.9502
vn -0.2765 -0.1563 0.9482
vn -0.2692 -0.2751 0.9230
vn -0.9960 0.0355 -0.0820
vn -0.9725 0.1621 -0.1675
vn -0.9845 0.0357 -0.1716
vn -0.3798 -0.2826 0.8808
vn -0.1715 -0.1568 -0.9726
vn 0.0000 0.1708 -0.9853
vn 0.0673 0.0421 -0.9968
vn 0.2765 -0.1563 -0.9482
vn 0.3879 -0.1616 -0.9074
vn -0.4596 -0.2350 0.8565
vn -0.5842 -0.2368 -0.7763
vn -0.5646 -0.2980 -0.7697
vn -0.6612 -0.2877 -0.6929
vn 0.1715 -0.1568 -0.9726
vn 0.0644 -0.1563 -0.9856
vn -0.7406 -0.1031 0.6640
vn -0.6808 -0.1645 0.7138
vn 0.6887 -0.1592 -0.7073
vn 0.3879 -0.1616 0.9074
vn 0.3798 -0.2826 0.8808
vn -0.5983 -0.1053 0.7943
vn 0.8146 -0.1077 0.5699
vn 0.8066 -0.1759 0.5644
vn 0.8716 -0.1077 0.4783
vn -0.1503 -0.1563 0.9762
vn -0.7248 -0.2350 0.6476
vn -0.6612 -0.2877 0.6929
vn 0.3798 -0.2826 -0.8808
vn -0.2755 0.1520 -0.9492
vn -0.4047 0.2811 -0.8702
vn -0.5983 -0.1053 -0.7943
vn -0.2547 -0.1930 -0.9476
vn -0.7655 0.0409 -0.6422
vn -0.6815 0.1685 -0.7121
vn -0.6908 0.0417 -0.7219
vn -0.8513 -0.2387 0.4671
vn -0.8419 -0.3002 0.4484
vn -0.4596 -0.2350 -0.8565
vn -0.5822 -0.1758 -0.7938
vn -0.4922 -0.1759 -0.8525
vn -0.3418 0.0413 0.9389
vn -0.2755 0.1520 0.9492
vn 0.2765 -0.1563 0.9482
vn 0.9563 -0.2815 -0.0791
vn 0.9465 -0.2367 -0.2192
vn 0.9823 -0.1592 -0.0991
vn 0.5983 -0.1053 0.7943
vn 0.6808 -0.1645 0.7138
vn 0.9689 -0.1053 0.2238
vn 0.6678 -0.2802 -0.6896
vn 0.5842 -0.2368 -0.7763
vn -0.8682 -0.1782 -0.4632
vn -0.7957 -0.2388 -0.5567
vn -0.8513 -0.2387 -0.4671
vn 0.9465 -0.2367 0.2192
vn 0.9182 -0.3028 0.2556
vn -0.7198 0.4776 -0.5037
vn -0.7375 0.5814 -0.3435
vn -0.6678 0.5794 -0.4672
vn -0.9563 -0.2815 0.0791
vn -0.9182 -0.3028 0.2556
vn -0.9465 -0.2367 0.2192
vn -0.5842 -0.2368 0.7763
vn -0.8146 -0.1077 0.5700
vn -0.9719 0.0310 -0.2333
vn -0.9028 -0.2466 0.3524
vn -0.8762 0.0764 -0.4758
vn -0.9310 0.0226 -0.3644
vn 0.7312 -0.2982 0.6135
vn 0.7248 -0.2350 0.6476
vn -0.7312 -0.2982 -0.6135
vn -0.7248 -0.2350 -0.6476
vn 0.1464 -0.2751 0.9502
vn 0.2692 -0.2751 0.9230
vn 0.0000 -0.1562 0.9877
vn 0.7406 -0.1030 0.6640
vn -0.0229 0.9312 0.3638
vn 0.0322 0.8908 0.4533
vn 0.0612 0.9226 0.3809
vn -0.0831 -0.1933 0.9776
vn 0.0651 -0.0727 0.9952
vn -0.0651 -0.0727 0.9952
vn 0.8682 -0.1782 0.4632
vn 0.7957 -0.2388 0.5567
vn 0.8513 -0.2387 0.4671
vn -0.4689 -0.1030 -0.8772
vn 0.2498 -0.2765 -0.9280
vn -0.3798 -0.2826 -0.8808
vn -0.4772 -0.2986 -0.8265
vn -0.1736 -0.0291 -0.9844
vn 0.4688 -0.1030 0.8772
vn -0.9771 -0.1941 0.0870
vn -0.9923 -0.0824 0.0925
vn -0.9965 -0.0834 0.0038
vn 0.9733 0.1525 -0.1716
vn 0.9271 0.2809 -0.2482
vn 0.9351 0.1531 -0.3195
vn 0.1503 -0.1563 0.9762
vn -0.7541 -0.1759 -0.6328
vn 0.9771 -0.0795 0.1973
vn 0.9814 0.0261 0.1904
vn 0.9614 0.0273 0.2739
vn 0.4688 -0.1030 -0.8773
vn -0.9019 0.2807 -0.3284
vn -0.9452 0.2808 -0.1666
vn -0.9660 -0.1948 -0.1703
vn -0.9475 -0.1945 -0.2537
vn -0.9475 -0.1952 -0.2531
vn -0.5513 0.2811 0.7856
vn -0.4047 0.2811 0.8702
vn 0.6779 0.2811 -0.6793
vn -0.2491 0.2804 -0.9270
vn 0.9018 0.2808 -0.3283
vn 0.8366 0.2584 -0.4830
vn 0.7864 0.2817 -0.5498
vn 0.8607 0.2816 -0.4242
vn 0.6619 0.2889 -0.6916
vn 0.5459 0.3853 -0.7440
vn 0.6380 0.3855 -0.6666
vn -0.8721 -0.3701 -0.3202
vn -0.8436 -0.3690 -0.3901
vn -0.7878 -0.5002 -0.3594
vn 0.0830 0.2805 -0.9563
vn 0.0830 0.2473 -0.9654
vn -0.5714 0.2580 -0.7790
vn 0.5513 0.2811 -0.7856
vn 0.4047 0.2811 0.8702
vn -0.8366 0.2584 0.4830
vn -0.7864 0.2817 0.5498
vn -0.8607 0.2816 0.4242
vn 0.5945 0.7701 0.2314
vn 0.6697 0.6670 0.3264
vn 0.7083 0.6721 0.2159
vn 0.9560 0.2809 0.0840
vn 0.9452 0.2808 0.1666
vn 0.2031 0.8954 0.3963
vn 0.1800 0.8427 0.5073
vn 0.2649 0.8471 0.4608
vn 0.9598 0.2808 0.0000
vn 0.9019 0.2807 0.3284
vn -0.6779 0.2811 0.6793
vn -0.0474 0.3135 0.9484
vn -0.5572 0.2496 0.7919
vn -0.6852 0.1323 0.7162
vn -0.5863 0.1323 0.7992
vn 0.6779 0.2811 0.6793
vn -0.6484 0.3895 -0.6541
vn -0.7324 0.2935 -0.6144
vn -0.7532 0.3937 -0.5270
vn -0.2688 0.2810 0.9213
vn 0.1325 -0.4929 0.8599
vn 0.2578 -0.3708 0.8922
vn 0.1412 -0.3737 0.9167
vn -0.5513 0.2811 -0.7856
vn -0.9018 0.2808 0.3284
vn 0.2506 0.2828 0.9259
vn 0.2490 0.2805 -0.9270
vn 0.2521 0.2473 -0.9356
vn 0.7864 0.2817 0.5498
vn 0.7916 0.2584 0.5538
vn 0.9182 -0.3028 -0.2556
vn 0.9452 0.2808 -0.1666
vn 0.9883 0.1525 0.0000
vn 0.0640 -0.1924 -0.9792
vn -0.8217 0.1539 0.5487
vn -0.8861 0.1538 0.4371
vn 0.0643 0.1539 -0.9860
vn -0.0830 0.2805 -0.9563
vn -0.0643 0.1539 -0.9860
vn -0.5845 0.1539 -0.7967
vn -0.4941 0.1536 -0.8557
vn 0.2755 0.1520 -0.9492
vn -0.9733 0.1525 -0.1716
vn -0.9560 0.2809 -0.0840
vn -0.9883 0.1525 -0.0000
vn -0.9733 0.1525 0.1716
vn -0.9560 0.2809 0.0840
vn -0.4941 0.1536 0.8557
vn -0.3990 0.1520 0.9042
vn 0.8607 0.2816 0.4242
vn 0.8217 0.1539 0.5487
vn 0.7570 0.1536 -0.6351
vn -0.3276 0.2879 -0.8999
vn -0.4161 0.1723 -0.8929
vn -0.4659 0.2888 -0.8364
vn 0.9028 -0.2466 0.3524
vn 0.9480 -0.1805 0.2623
vn 0.9251 -0.1168 0.3613
vn 0.2755 0.1520 0.9492
vn 0.1714 0.1536 0.9731
vn -0.9351 0.1531 -0.3195
vn -0.9271 0.2809 -0.2482
vn -0.6831 0.1539 -0.7140
vn 0.8861 0.1538 -0.4371
vn -0.6219 0.4763 -0.6216
vn -0.5459 0.3853 -0.7440
vn 0.9251 -0.1168 -0.3613
vn 0.8728 -0.0345 -0.4869
vn 0.7570 0.1536 0.6351
vn -0.7570 0.1536 0.6351
vn -0.8607 0.2816 -0.4242
vn 0.7541 -0.1759 0.6328
vn 0.8354 -0.2368 -0.4960
vn 0.8329 -0.2988 -0.4659
vn 0.7447 -0.2788 -0.6064
vn 0.1714 0.1536 -0.9731
vn -0.1714 0.1536 -0.9731
vn 0.1032 0.9187 -0.3813
vn 0.0905 0.8556 -0.5097
vn 0.0405 0.9176 -0.3955
vn 0.9271 0.2809 0.2482
vn -0.6831 0.1539 0.7140
vn -0.5845 0.1539 0.7967
vn 0.3990 0.1520 0.9042
vn 0.6831 0.1539 0.7140
vn -0.9351 0.1531 0.3195
vn 0.8579 -0.1782 -0.4819
vn 0.8936 0.1662 -0.4169
vn 0.8304 0.2845 -0.4791
vn -0.9271 0.2809 0.2482
vn 0.7068 0.6822 -0.1874
vn 0.7375 0.5814 -0.3435
vn 0.6643 0.6805 -0.3093
vn 0.8806 -0.1936 0.4324
vn 0.9026 -0.0737 0.4242
vn 0.8631 -0.0745 0.4996
vn 0.4922 -0.1759 -0.8525
vn 0.5822 -0.1758 -0.7938
vn 0.4236 0.8984 -0.1163
vn 0.4492 0.8921 -0.0487
vn 0.5181 0.8513 -0.0826
vn 0.2764 0.9599 -0.0467
vn 0.3313 0.9330 -0.1408
vn 0.2367 0.9634 -0.1255
vn -0.2562 -0.1933 0.9471
vn -0.1732 -0.0742 0.9821
vn 0.7514 -0.1940 0.6307
vn 0.8036 -0.1955 0.5622
vn 0.5898 -0.0726 0.8043
vn -0.8631 -0.0744 0.4996
vn -0.8806 -0.1936 0.4324
vn -0.8036 -0.1955 0.5622
vn 0.4909 -0.1906 0.8501
vn 0.4986 -0.0727 0.8638
vn 0.5803 -0.1898 0.7920
vn 0.5630 -0.1941 0.8033
vn -0.4909 -0.1906 0.8501
vn -0.4986 -0.0727 0.8638
vn -0.2793 -0.0726 0.9575
vn -0.3953 -0.1904 0.8986
vn -0.7639 -0.0742 0.6410
vn -0.2747 -0.1925 -0.9421
vn -0.9261 0.2857 -0.2464
vn -0.9533 0.1628 -0.2543
vn -0.9218 -0.1944 -0.3355
vn -0.0847 -0.1931 0.9775
vn 0.6815 0.1685 -0.7121
vn 0.5661 0.2896 -0.7718
vn -0.4016 -0.0726 0.9129
vn 0.8170 -0.0728 0.5720
vn 0.8183 0.0365 0.5736
vn 0.7656 0.0365 0.6423
vn -0.6933 -0.1941 0.6940
vn 0.3684 0.6767 -0.6375
vn 0.4725 0.5735 -0.6692
vn 0.3475 0.5695 -0.7449
vn -0.9478 -0.1908 0.2554
vn -0.9659 -0.1935 0.1718
vn -0.9220 -0.1914 0.3367
vn -0.9026 -0.0737 0.4242
vn -0.9410 -0.0754 0.3298
vn -0.8158 -0.1936 -0.5449
vn 0.9809 -0.1945 0.0011
vn 0.9769 -0.1952 -0.0864
vn 0.9220 -0.1913 0.3367
vn 0.9478 -0.1909 0.2553
vn 0.9410 -0.0754 0.3298
vn -0.6306 -0.1941 -0.7515
vn -0.6787 -0.1924 -0.7087
vn -0.5800 -0.1922 -0.7916
vn -0.1804 0.8912 -0.4162
vn -0.2137 0.8462 -0.4882
vn 0.9627 -0.0833 -0.2575
vn 0.9660 -0.1948 -0.1703
vn 0.9475 -0.1945 -0.2537
vn -0.6892 -0.0799 -0.7202
vn -0.7516 -0.1935 -0.6306
vn -0.7636 -0.0806 -0.6407
vn -0.8945 -0.0848 -0.4389
vn -0.9365 -0.0828 -0.3408
vn -0.9187 0.2394 0.3142
vn -0.9605 0.1706 0.2198
vn -0.9468 0.1219 0.2980
vn -0.9055 0.0397 -0.4225
vn -0.8654 0.0378 -0.4997
vn -0.1731 -0.0781 -0.9818
vn -0.5896 -0.0793 -0.8038
vn 0.2791 -0.0782 -0.9571
vn 0.3950 -0.1926 -0.8983
vn 0.2747 -0.1925 -0.9421
vn 0.7516 -0.1935 -0.6306
vn 0.8158 -0.1936 -0.5449
vn -0.4906 -0.1930 -0.8498
vn -0.4984 -0.0789 -0.8633
vn 0.8217 0.1539 -0.5487
vn -0.0573 -0.9853 -0.1612
vn 0.0132 -0.9859 -0.1668
vn -0.0822 0.2497 0.9648
vn 0.0831 -0.1933 0.9776
vn -0.1682 -0.9853 -0.0293
vn -0.4367 -0.8771 -0.2001
vn -0.1386 -0.9859 -0.0939
vn -0.1704 -0.1927 -0.9663
vn 0.1704 -0.1927 -0.9663
vn 0.1731 -0.0781 -0.9818
vn -0.4689 0.5763 -0.6693
vn -0.5175 0.6792 -0.5205
vn 0.6284 0.7778 0.0115
vn 0.7255 0.6820 0.0918
vn 0.7257 0.6856 -0.0574
vn 0.6892 -0.0799 -0.7202
vn 0.7636 -0.0806 -0.6407
vn -0.7329 0.4672 0.4946
vn -0.7391 0.5669 0.3638
vn -0.7918 0.4685 0.3919
vn -0.6643 0.6805 -0.3093
vn -0.6020 0.6786 -0.4209
vn -0.7312 -0.2982 0.6135
vn -0.7821 -0.2982 0.5472
vn -0.4382 0.8983 -0.0313
vn -0.4396 0.8922 -0.1038
vn -0.5157 0.8515 -0.0949
vn -0.8274 -0.0839 -0.5553
vn -0.8798 -0.1939 -0.4340
vn 0.0290 0.9923 0.1203
vn 0.1013 0.9947 0.0187
vn 0.0032 1.0000 -0.0093
vn -0.9928 -0.0839 -0.0851
vn -0.9815 -0.0837 -0.1723
vn -0.9771 -0.1948 -0.0854
vn -0.5829 0.1696 -0.7947
vn -0.1522 -0.0291 0.9879
vn 0.2562 -0.1933 0.9471
vn -0.0482 -0.6627 -0.7473
vn 0.0000 -0.2749 0.9615
vn 0.9186 0.2394 0.3143
vn 0.9605 0.1706 0.2198
vn 0.9218 -0.1944 -0.3355
vn 0.8938 -0.0819 -0.4410
vn 0.9365 -0.0828 -0.3408
vn -0.1403 -0.9856 0.0948
vn 0.1376 -0.9859 -0.0952
vn 0.1394 -0.9856 0.0959
vn -0.9218 0.3865 0.0305
vn -0.9486 0.2925 0.1205
vn -0.9141 0.3856 0.1253
vn -0.9231 0.3077 0.2306
vn -0.3723 0.7744 0.5116
vn -0.2746 0.8438 0.4610
vn -0.3635 0.8465 0.3889
vn 0.2777 0.0417 -0.9598
vn 0.2551 0.1731 -0.9513
vn 0.3370 0.1700 -0.9260
vn 0.7853 0.5832 -0.2078
vn -0.4003 0.8524 -0.3365
vn -0.3495 0.8470 -0.4005
vn -0.4370 0.7767 -0.4535
vn -0.2882 -0.5087 0.8113
vn -0.1940 -0.6633 0.7228
vn -0.9769 -0.1952 0.0864
vn -0.9809 -0.1947 0.0010
vn 0.8298 0.0371 -0.5568
vn 0.8288 -0.0811 -0.5536
vn 0.1712 0.1721 -0.9701
vn 0.1734 0.0448 -0.9838
vn -0.0650 0.1549 0.9858
vn 0.0652 0.0418 0.9970
vn 0.6139 -0.6653 0.4249
vn 0.7096 -0.5214 0.4740
vn -0.6831 0.2496 0.6863
vn -0.7628 0.3627 0.5353
vn -0.7923 0.2495 0.5567
vn 0.9804 0.1661 0.1061
vn 0.9780 0.1040 0.1811
vn 0.9945 0.0344 0.0988
vn 0.8077 0.1681 -0.5652
vn 0.8542 0.1645 -0.4931
vn -0.4955 0.1337 0.8582
vn -0.4072 0.2496 0.8786
vn -0.2528 0.2497 0.9348
vn 0.5349 -0.3658 0.7616
vn -0.1734 0.0448 -0.9838
vn -0.0856 0.1722 -0.9813
vn 0.8336 0.3670 0.4129
vn 0.7629 0.3627 0.5353
vn -0.1806 0.9817 0.0603
vn -0.1232 0.9841 0.1282
vn -0.0883 0.9945 0.0570
vn 0.2528 0.2497 0.9348
vn 0.0813 0.3588 0.9299
vn -0.2447 0.3626 0.8993
vn -0.8990 0.2912 -0.3270
vn -0.8855 0.3902 -0.2521
vn -0.8685 0.2855 -0.4052
vn -0.9210 0.1640 -0.3534
vn -0.1721 0.1337 0.9760
vn 0.2270 0.4817 -0.8464
vn 0.3703 0.4822 -0.7939
vn -0.3371 0.1700 -0.9260
vn 0.9560 0.2852 -0.0695
vn 0.9864 0.1631 0.0194
vn 0.9838 0.1619 -0.0765
vn -0.1793 0.8446 0.5045
vn -0.0834 0.8987 0.4306
vn -0.1745 0.8901 0.4209
vn 0.6787 -0.1924 -0.7087
vn 0.5896 -0.0793 -0.8038
vn -0.9864 0.1629 0.0195
vn -0.9945 0.0343 0.0985
vn -0.9805 0.1655 0.1063
vn -0.9579 0.2858 0.0277
vn -0.9783 0.1040 0.1790
vn -0.9530 0.2341 0.1923
vn 0.9219 0.3863 0.0304
vn 0.9486 0.2929 0.1199
vn 0.9579 0.2859 0.0281
vn 0.9137 0.3869 0.1247
vn 0.9233 0.3073 0.2305
vn -0.8765 0.3714 0.3063
vn 0.7908 0.2511 -0.5582
vn 0.8514 0.1344 -0.5071
vn -0.9993 0.0362 0.0102
vn -0.9839 0.1619 -0.0764
vn -0.9560 0.2851 -0.0697
vn -0.9449 0.2852 -0.1607
vn 0.2512 0.8970 -0.3637
vn 0.3131 0.8910 -0.3288
vn 0.3444 0.8494 -0.4000
vn -0.9655 0.0365 -0.2579
vn 0.6149 -0.6644 -0.4248
vn 0.5303 -0.6652 -0.5256
vn -0.7851 0.2865 -0.5492
vn 0.9199 0.3866 -0.0654
vn 0.9993 0.0364 0.0100
vn 0.6831 0.1539 -0.7140
vn 0.5845 0.1539 -0.7967
vn 0.1519 0.8921 0.4254
vn 0.0914 0.8852 0.4561
vn 0.9530 0.2341 0.1923
vn -0.6619 0.2889 -0.6917
vn -0.9028 -0.2466 -0.3524
vn -0.9480 -0.1805 -0.2623
vn -0.9251 -0.1168 -0.3613
vn 0.5829 0.1695 -0.7947
vn 0.6908 0.0417 -0.7219
vn 0.5909 0.0427 -0.8056
vn 0.7552 0.1677 -0.6336
vn -0.4926 0.1705 -0.8534
vn -0.5909 0.0427 -0.8056
vn -0.5662 0.2895 -0.7718
vn -0.1371 0.9278 0.3469
vn -0.2268 0.9233 0.3099
vn -0.2464 0.8875 0.3894
vn 0.4604 0.3903 -0.7973
vn 0.4659 0.2888 -0.8364
vn 0.2397 0.3800 -0.8934
vn 0.1808 0.2897 -0.9399
vn 0.1599 0.3900 -0.9068
vn 0.7433 0.2870 -0.6043
vn 0.4160 0.1723 -0.8929
vn 0.3276 0.2879 -0.8999
vn -0.1712 0.1721 -0.9701
vn -0.2551 0.1731 -0.9513
vn -0.7253 0.6822 0.0922
vn -0.7826 0.5726 0.2443
vn 0.7577 0.3807 -0.5301
vn 0.7052 0.3907 -0.5916
vn -0.3907 0.3802 -0.8383
vn -0.4604 0.3903 -0.7973
vn -0.4996 0.0435 -0.8652
vn 0.1289 0.6701 0.7310
vn 0.1432 0.5654 0.8123
vn 0.2138 0.5653 0.7967
vn -0.1807 0.2896 -0.9399
vn 0.0856 0.1722 -0.9813
vn -0.0641 0.3891 -0.9190
vn -0.1599 0.3900 -0.9068
vn -0.2398 0.3801 -0.8933
vn 0.0641 0.3891 -0.9190
vn 0.0831 0.2912 -0.9530
vn -0.8204 0.1361 0.5554
vn -0.7591 0.1336 0.6371
vn 0.4926 0.1705 -0.8534
vn 0.4996 0.0434 -0.8652
vn 0.8380 0.3808 -0.3909
vn -0.8282 0.2923 -0.4781
vn -0.8335 0.3668 0.4133
vn 0.7918 0.4684 0.3920
vn 0.7655 0.0409 -0.6422
vn 0.0000 0.2961 -0.9552
vn 0.9391 0.0374 -0.3417
vn 0.9270 0.1639 -0.3374
vn 0.3161 -0.6632 0.6784
vn -0.8637 0.0405 0.5024
vn -0.8184 0.0365 0.5735
vn 0.3907 0.3802 -0.8383
vn 0.9655 0.0365 -0.2579
vn 0.3288 0.9300 0.1643
vn 0.3455 0.9323 0.1066
vn 0.2374 0.9630 0.1274
vn 0.1732 -0.0742 0.9821
vn 0.9724 0.1621 -0.1675
vn 0.9960 0.0357 -0.0821
vn -0.9199 0.3866 -0.0654
vn -0.9072 0.3915 -0.1538
vn -0.8765 0.4806 0.0282
vn 0.8657 0.4827 0.1323
vn 0.8370 0.4760 0.2700
vn 0.8972 0.3888 0.2093
vn -0.8090 0.5874 0.0231
vn 0.8051 0.5800 0.1242
vn 0.7826 0.5726 0.2443
vn 0.2096 0.9270 -0.3110
vn 0.2111 0.9462 -0.2455
vn 0.2698 0.9232 -0.2738
vn 0.8089 0.5875 0.0228
vn 0.7329 0.4672 0.4946
vn 0.7393 0.5667 0.3637
vn 0.6842 0.5651 0.4611
vn 0.6793 0.4623 0.5700
vn -0.6247 0.5655 0.5385
vn -0.6842 0.5651 0.4611
vn 0.4512 0.7699 0.4513
vn 0.5670 0.6724 0.4758
vn 0.5160 0.7710 0.3731
vn 0.1036 0.2853 0.9528
vn 0.1298 0.3136 0.9407
vn -0.5670 0.6724 0.4758
vn 0.6234 0.4716 0.6237
vn 0.5699 0.4624 0.6793
vn 0.6600 0.3588 0.6600
vn -0.1481 0.8475 -0.5097
vn -0.0991 0.7769 -0.6218
vn -0.1774 0.7749 -0.6066
vn 0.2416 0.3588 0.9016
vn 0.1540 0.4623 0.8733
vn 0.5301 0.5657 0.6317
vn 0.4218 0.5655 0.7087
vn 0.5061 0.4716 0.7221
vn -0.3089 0.7711 0.5568
vn -0.4278 0.6663 0.6107
vn -0.3711 0.6701 0.6429
vn 0.3727 0.7710 0.5163
vn 0.4759 0.6723 0.5670
vn 0.4278 0.6663 0.6107
vn 0.6019 0.6786 -0.4209
vn 0.5773 0.5777 -0.5770
vn 0.5205 0.6771 -0.5201
vn -0.0000 0.4624 0.8867
vn -0.0813 0.3588 0.9299
vn -0.3559 0.4671 0.8094
vn -0.4218 0.5655 0.7087
vn -0.4434 0.4623 0.7679
vn 0.3033 0.4624 0.8332
vn 0.2291 0.4673 0.8539
vn -0.3905 0.3626 0.8462
vn -0.5355 0.3588 0.7645
vn -0.2476 0.4670 0.8489
vn -0.1432 0.5654 0.8123
vn -0.2287 0.5620 0.7948
vn 0.1994 0.9799 0.0074
vn 0.1609 0.9839 0.0783
vn 0.2744 0.9604 0.0485
vn 0.2171 0.7727 0.5964
vn 0.3126 0.6724 0.6709
vn 0.3089 0.7711 0.5567
vn -0.3357 0.5620 0.7559
vn -0.3126 0.6724 0.6709
vn 0.4433 0.4624 0.7679
vn 0.5355 0.3588 0.7645
vn 0.0768 0.4674 0.8807
vn 0.0716 0.5654 0.8217
vn 0.0000 0.5688 0.8225
vn 0.0519 0.6724 0.7384
vn -0.2171 0.7727 0.5964
vn -0.1289 0.6701 0.7310
vn -0.0716 0.5654 0.8217
vn 0.5272 0.6662 0.5274
vn 0.6247 0.5655 0.5385
vn -0.1212 0.7711 0.6251
vn -0.0519 0.6724 0.7384
vn -0.0404 0.7723 0.6340
vn 0.7919 0.4866 -0.3689
vn -0.5061 0.4716 0.7221
vn -0.5301 0.5657 0.6317
vn -0.4759 0.6723 0.5670
vn 0.3711 0.6701 0.6429
vn 0.3483 0.5653 0.7477
vn -0.2551 0.6663 0.7007
vn -0.1917 0.6724 0.7149
vn 0.3944 0.3588 0.8460
vn -0.0768 0.4674 0.8807
vn -0.0522 0.9928 0.1079
vn -0.7622 -0.3669 -0.5334
vn -0.7821 -0.2982 -0.5472
vn -0.5272 0.6662 0.5274
vn 0.0324 0.9828 -0.1816
vn -0.0473 0.9868 -0.1546
vn 0.4984 -0.0789 -0.8633
vn 0.5800 -0.1922 -0.7916
vn 0.4906 -0.1929 -0.8498
vn -0.5532 0.7676 0.3235
vn -0.6163 0.6677 0.4175
vn -0.5160 0.7710 0.3731
vn -0.0138 0.8901 0.4556
vn -0.0885 0.8458 0.5261
vn 0.6163 0.6677 0.4175
vn 0.8762 0.4811 0.0284
vn 0.2524 0.6758 -0.6925
vn 0.2130 0.5687 -0.7944
vn 0.1898 0.6816 -0.7067
vn 0.5071 0.4792 -0.7164
vn -0.8709 0.4852 -0.0784
vn -0.8077 0.5844 -0.0778
vn -0.6410 -0.0747 -0.7639
vn -0.7049 -0.0741 -0.7054
vn -0.7853 0.5832 -0.2078
vn -0.5910 0.7778 -0.2139
vn -0.7068 0.6822 -0.1874
vn -0.1926 -0.6629 -0.7235
vn -0.1704 -0.8643 -0.4732
vn -0.2571 -0.6620 -0.7041
vn -0.7258 0.6855 -0.0574
vn -0.3703 0.4822 -0.7939
vn -0.2270 0.4817 -0.8464
vn -0.3150 0.3901 -0.8652
vn -0.8706 0.2451 0.4266
vn -0.0724 0.4775 -0.8756
vn -0.3459 0.5753 -0.7413
vn -0.3095 0.9290 0.2029
vn 0.2539 0.6701 0.6975
vn 0.2822 0.5653 0.7751
vn 0.4013 -0.0785 -0.9126
vn 0.7164 0.4853 -0.5012
vn 0.7973 0.3907 -0.4601
vn -0.5774 0.5777 -0.5770
vn -0.5071 0.4792 -0.7164
vn -0.8928 0.1383 0.4286
vn 0.3620 0.7766 -0.5156
vn 0.3054 0.7777 -0.5494
vn -0.4365 -0.8767 0.2022
vn -0.4702 -0.8708 0.1440
vn -0.1660 -0.9856 0.0313
vn 0.0724 0.4775 -0.8756
vn -0.1539 0.4623 0.8733
vn -0.2154 0.5716 -0.7917
vn -0.0717 0.5683 -0.8197
vn -0.0637 0.6812 -0.7294
vn -0.1283 0.6752 -0.7264
vn -0.2058 0.6788 -0.7049
vn -0.2665 0.7735 -0.5750
vn -0.5699 0.4624 0.6793
vn 0.1098 0.7757 -0.6215
vn 0.0637 0.6812 -0.7294
vn -0.0018 0.7770 -0.6295
vn 0.1283 0.6752 -0.7264
vn 0.0717 0.5683 -0.8197
vn 0.5910 0.7777 -0.2142
vn 0.3150 0.3901 -0.8652
vn 0.6174 0.4802 -0.6231
vn 0.2171 0.7775 -0.5902
vn 0.0000 0.6751 -0.7378
vn 0.6678 0.5794 -0.4672
vn 0.8649 0.3910 -0.3146
vn 0.5461 0.7765 -0.3142
vn 0.5134 0.7798 -0.3583
vn 0.4071 0.2496 0.8786
vn 0.5983 -0.1053 -0.7943
vn 0.4997 -0.0317 -0.8656
vn 0.5911 -0.0317 -0.8060
vn 0.0846 0.9924 0.0896
vn 0.0459 0.9797 0.1953
vn 0.1458 0.9797 0.1373
vn -0.4997 -0.0317 0.8656
vn -0.5911 -0.0317 0.8060
vn -0.9611 -0.0371 -0.2736
vn 0.9611 -0.0371 -0.2737
vn -0.8831 -0.0345 -0.4679
vn 0.7657 -0.0317 0.6424
vn -0.9611 -0.0371 0.2737
vn 0.2547 -0.1930 -0.9476
vn -0.0121 0.9842 0.1766
vn -0.0949 0.9792 0.1791
vn -0.0800 0.9620 0.2611
vn -0.7657 -0.0317 -0.6424
vn -0.5912 -0.0317 -0.8059
vn -0.4998 -0.0317 -0.8656
vn 0.3911 -0.3670 0.8440
vn 0.9611 -0.0371 0.2736
vn -0.1111 -0.8721 0.4766
vn 0.0011 -0.8638 0.5038
vn -0.1107 -0.6738 0.7305
vn -0.4772 -0.2986 0.8265
vn -0.2498 -0.2765 -0.9280
vn -0.2389 -0.3698 -0.8979
vn 0.8436 -0.3690 -0.3901
vn -0.3911 -0.3670 0.8440
vn -0.9010 -0.3737 0.2202
vn 0.8419 -0.3002 0.4484
vn 0.4772 -0.2986 0.8265
vn 0.3785 0.8439 0.3803
vn 0.3519 0.8889 0.2933
vn 0.3201 0.8896 0.3257
vn 0.7622 -0.3669 0.5334
vn 0.7821 -0.2982 0.5472
vn 0.8798 -0.1939 -0.4340
vn -0.1814 0.9630 -0.1991
vn -0.2896 0.9322 -0.2171
vn -0.2298 0.9630 -0.1410
vn -0.9598 0.2808 -0.0000
vn 0.4772 -0.2986 -0.8265
vn 0.0827 -0.2765 -0.9575
vn -0.0827 -0.2765 -0.9575
vn 0.1058 0.2289 0.9677
vn 0.6852 0.1323 0.7162
vn 0.8707 0.2449 0.4265
vn 0.8761 0.3723 0.3064
vn 0.6306 -0.1941 -0.7515
vn -0.4841 0.7756 -0.4050
vn -0.1502 0.9501 0.2736
vn -0.4905 -0.1941 0.8496
vn -0.5803 -0.1898 0.7920
vn -0.7514 -0.1942 -0.6307
vn 0.5945 0.0310 0.8035
vn -0.9654 0.0765 -0.2493
vn 0.0650 0.1549 0.9858
vn 0.3418 0.0413 0.9389
vn 0.1736 0.0418 -0.9839
vn 0.5722 -0.0741 -0.8167
vn 0.5630 -0.1942 -0.8033
vn 0.5897 0.0764 -0.8040
vn 0.4985 0.0764 -0.8635
vn 0.9953 0.0413 0.0873
vn 0.9654 0.0765 0.2493
vn 0.8861 0.1538 0.4371
vn -0.4996 0.0418 -0.8653
vn 0.3413 0.0411 -0.9391
vn -0.8169 0.0764 -0.5716
vn -0.0652 0.0418 -0.9970
vn 0.1567 0.9870 -0.0359
vn -0.8861 0.1538 -0.4371
vn 0.6797 -0.6612 -0.3176
vn 0.4707 -0.8705 -0.1437
vn 0.4354 -0.8777 -0.2001
vn 0.5024 -0.8601 0.0884
vn -0.7255 -0.6591 -0.1982
vn 0.8757 0.2572 -0.4087
vn 0.9560 0.2809 -0.0840
vn 0.1671 -0.9854 -0.0320
vn 0.1665 -0.9856 0.0295
vn 0.0549 0.9509 0.3046
vn 0.1000 0.9641 0.2458
vn -0.6138 -0.6650 -0.4255
vn -0.6791 -0.6620 -0.3172
vn 0.3609 -0.8682 0.3405
vn 0.4122 -0.8644 0.2880
vn -0.4116 -0.8643 -0.2890
vn -0.3711 -0.6693 0.6437
vn 0.4356 -0.6627 0.6092
vn 0.5305 -0.6656 0.5250
vn 0.5464 -0.5265 0.6514
vn -0.3719 -0.6682 -0.6443
vn -0.2179 -0.8725 -0.4373
vn -0.2702 -0.8727 -0.4068
vn 0.2689 -0.8728 0.4073
vn 0.3281 -0.8601 0.3907
vn 0.1068 -0.9857 0.1305
vn -0.0831 0.2912 -0.9530
vn -0.3610 -0.8685 0.3398
vn -0.3278 -0.8601 0.3909
vn -0.5314 -0.6644 0.5255
vn -0.3161 -0.6632 -0.6784
vn -0.1104 -0.9852 -0.1308
vn 0.1291 -0.6683 -0.7326
vn 0.1178 -0.8701 -0.4785
vn 0.0387 -0.8661 -0.4984
vn 0.0000 -0.4926 0.8703
vn 0.1107 -0.6750 0.7295
vn 0.1104 -0.8723 0.4764
vn -0.0006 -0.9840 0.1781
vn -0.0585 -0.9857 0.1583
vn -0.3602 -0.5219 0.7732
vn -0.3161 -0.6633 0.6783
vn 0.3174 -0.6628 -0.6782
vn 0.1738 -0.8642 -0.4721
vn 0.2560 -0.6619 -0.7045
vn 0.2882 -0.5087 -0.8113
vn 0.1939 -0.6633 -0.7228
vn 0.0597 -0.9858 -0.1573
vn -0.6054 0.7755 0.1794
vn -0.4994 0.8454 0.1892
vn -0.5139 0.8508 0.1097
vn -0.5306 -0.6647 -0.5260
vn -0.4356 -0.6627 -0.6092
vn -0.5464 -0.5265 -0.6514
vn -0.6194 0.7745 0.1286
vn -0.5241 0.8499 0.0552
vn -0.6231 0.7789 0.0709
vn -0.3281 -0.8601 -0.3907
vn 0.3709 -0.6693 0.6438
vn -0.6285 0.7777 0.0109
vn 0.7262 -0.6583 -0.1981
vn -0.6141 -0.6653 0.4245
vn -0.4699 -0.8710 -0.1432
vn 0.4125 -0.8642 -0.2882
vn -0.8670 -0.4925 -0.0759
vn -0.7496 -0.6590 0.0622
vn -0.7495 -0.6592 -0.0616
vn -0.4912 -0.8707 -0.0258
vn -0.5024 -0.8601 -0.0884
vn 0.4329 0.6785 -0.5935
vn -0.3615 -0.8682 -0.3400
vn -0.9689 -0.1053 -0.2238
vn -0.9823 -0.1592 -0.0991
vn -0.0007 -0.6604 0.7509
vn 0.3718 -0.6683 -0.6443
vn 0.2696 -0.8726 -0.4072
vn 0.2172 -0.8726 -0.4375
vn -0.5053 -0.8586 0.0866
vn -0.7254 -0.6589 0.1991
vn 0.1071 -0.9856 -0.1307
vn 0.4367 -0.8772 0.1995
vn -0.6800 -0.6616 0.3161
vn -0.4125 -0.8642 0.2882
vn -0.2696 -0.8726 0.4072
vn -0.2172 -0.8726 0.4375
vn 0.5053 -0.8586 -0.0866
vn -0.1738 -0.8642 0.4721
vn -0.2560 -0.6619 0.7045
vn -0.4361 -0.6632 0.6083
vn -0.5464 -0.5265 0.6514
vn -0.1079 -0.9858 0.1290
vn 0.7496 -0.6590 0.0622
vn 0.8670 -0.4925 0.0759
vn -0.6185 0.7785 -0.1065
vn -0.6223 0.7812 -0.0488
vn 0.0483 -0.6628 -0.7473
vn 0.3602 -0.5219 -0.7732
vn 0.2179 -0.8725 0.4373
vn 0.1926 -0.6629 0.7235
vn 0.1704 -0.8643 0.4732
vn 0.2571 -0.6620 0.7041
vn 0.0567 -0.9857 0.1586
vn 0.4361 -0.6632 -0.6083
vn 0.5464 -0.5265 -0.6514
vn 0.3610 -0.8685 -0.3398
vn 0.3278 -0.8601 -0.3909
vn -0.8170 -0.0727 0.5720
vn 0.6185 0.7787 -0.1058
vn 0.6039 0.7808 -0.1603
vn -0.0640 -0.1924 -0.9792
vn -0.5462 0.7765 -0.3141
vn -0.5666 0.7808 -0.2633
vn 0.9845 0.0358 -0.1715
vn -0.0000 0.2860 0.9582
vn -0.0644 -0.1563 -0.9856
vn 0.1736 0.0366 0.9841
vn -0.5945 0.0310 -0.8035
vn -0.2915 0.9505 0.1076
vn -0.3715 0.9237 0.0939
vn -0.3457 0.9236 0.1657
vn 0.4183 0.8418 0.3412
vn 0.4890 0.0311 -0.8717
vn 0.3107 0.9252 0.2180
vn -0.2686 0.8447 -0.4630
vn 0.3911 -0.3670 -0.8440
vn 0.4905 0.8514 -0.1858
vn 0.5081 0.8509 -0.1336
vn -0.3095 0.8926 0.3278
vn -0.8055 -0.3696 -0.4631
vn 0.8055 -0.3696 -0.4631
vn 0.4905 -0.1942 -0.8495
vn 0.9028 -0.2466 -0.3524
vn -0.4487 0.7713 0.4513
vn -0.4153 0.8452 0.3365
vn 0.1351 0.8535 -0.5033
vn 0.1824 0.8953 -0.4064
vn 0.1884 0.8503 -0.4913
vn -0.9452 0.2808 0.1666
vn -0.4399 0.8969 0.0454
vn -0.4325 0.8894 0.1481
vn 0.8637 0.0406 0.5023
vn 0.9028 0.0348 0.4287
vn -0.5728 0.7719 0.2756
vn 0.2351 0.9503 0.2038
vn -0.9627 -0.0833 -0.2575
vn 0.6207 0.7826 -0.0487
vn -0.5243 0.8515 0.0063
vn -0.5227 0.8514 -0.0430
vn -0.4958 0.8496 -0.1802
vn -0.6024 0.7820 -0.1600
vn 0.1099 0.9250 0.3637
vn -0.0086 0.9634 -0.2680
vn -0.0845 0.9619 -0.2602
vn 0.4068 0.8483 -0.3389
vn 0.4440 0.7787 -0.4433
vn 0.2564 0.8482 -0.4636
vn -0.7657 -0.0317 0.6424
vn -0.8189 -0.0318 0.5730
vn -0.4919 -0.8703 0.0259
vn 0.3045 0.8489 -0.4321
vn 0.0467 0.8530 -0.5199
vn -0.3403 0.9263 -0.1618
vn -0.3890 0.8941 -0.2219
vn -0.4252 0.8903 -0.1628
vn 0.0534 0.9506 -0.3058
vn 0.4555 0.8508 -0.2621
vn 0.3136 0.9258 -0.2112
vn 0.3878 0.8941 -0.2239
vn 0.3558 0.8898 -0.2857
vn -0.4555 0.8509 -0.2617
vn -0.8189 0.0310 0.5730
vn -0.8763 0.0310 0.4808
vn 0.3733 0.4675 0.8013
vn 0.4596 -0.2350 -0.8565
vn -0.1534 0.9503 -0.2708
vn -0.2181 0.9241 -0.3139
vn -0.2540 0.9301 -0.2653
vn 0.5666 0.7808 -0.2633
vn 0.5911 -0.0317 0.8059
vn 0.4997 -0.0317 0.8656
vn -0.5134 0.7797 -0.3584
vn 0.8204 0.1360 0.5553
vn -0.2649 0.9636 0.0359
vn -0.1929 0.9796 -0.0570
vn -0.2659 0.9634 -0.0347
vn -0.2278 0.9631 0.1435
vn -0.2625 0.9326 0.2477
vn -0.1794 0.9630 0.2010
vn -0.2912 0.9509 -0.1050
vn -0.3699 0.9239 -0.0981
vn -0.3634 0.9306 -0.0429
vn 0.4841 0.7754 -0.4054
vn 0.0957 0.9640 -0.2481
vn 0.1591 0.9518 -0.2621
vn 0.1587 0.9305 -0.3302
vn 0.0960 0.9875 -0.1251
vn 0.8935 0.3810 -0.2376
vn -0.4922 -0.1759 0.8525
vn -0.5822 -0.1758 0.7938
vn -0.0119 0.9633 0.2683
vn 0.1629 0.9635 0.2126
vn 0.3724 0.9272 0.0393
vn 0.9479 -0.1805 -0.2624
vn 0.5532 0.7676 0.3235
vn 0.1625 0.9672 -0.1953
vn 0.2434 0.9522 -0.1844
vn 0.4411 0.8937 0.0817
vn 0.4553 0.8902 0.0129
vn 0.3777 0.8888 0.2596
vn -0.1470 0.9841 -0.0996
vn -0.1072 0.9800 -0.1675
vn -0.0211 0.2289 0.9732
vn -0.3600 0.9327 0.0221
vn 0.3091 0.6823 -0.6626
vn -0.3532 0.8967 -0.2666
vn -0.9614 0.0276 0.2737
vn -0.9814 0.0261 0.1904
vn -0.6909 0.0366 0.7220
vn -0.5911 0.0366 0.8058
vn -0.4997 0.0366 0.8654
vn -0.7656 0.0365 0.6423
vn -0.9028 0.0348 0.4287
vn 0.5911 0.0366 0.8058
vn 0.4998 0.0366 0.8654
vn -0.1736 0.0366 0.9841
vn -0.2797 0.0366 0.9594
vn -0.0718 0.9947 -0.0739
vn 0.0653 0.0366 0.9972
vn -0.3034 0.8953 -0.3260
vn 0.3548 0.9316 -0.0789
vn 0.6196 0.7743 0.1289
vn 0.9689 -0.1053 -0.2239
vn 0.6910 0.0366 0.7220
vn 0.1917 0.6724 0.7149
vn -0.9345 0.0373 0.3541
vn -0.8419 -0.3002 -0.4484
vn -0.9771 -0.0791 0.1975
vn -0.9391 0.0374 -0.3417
vn 0.9965 -0.0834 0.0038
vn 0.4072 0.7745 -0.4841
vn 0.3986 0.8936 0.2066
vn 0.8831 -0.0345 0.4679
vn 0.4042 0.0412 -0.9137
vn 0.8635 0.0310 -0.5034
vn 0.8972 0.0357 -0.4403
vn 0.8055 -0.3696 0.4631
vn -0.7096 -0.5214 -0.4740
vn -0.8308 0.0418 0.5550
vn -0.4213 -0.0741 -0.9039
vn 0.9996 -0.0291 -0.0000
vn 0.1736 -0.0291 -0.9844
vn -0.0082 0.9293 -0.3692
vn 0.3374 0.8434 0.4182
vn -0.6933 -0.1942 -0.6940
vn -0.1216 0.9923 -0.0248
vn 0.1583 0.9799 -0.1213
vn 0.4060 0.8966 -0.1770
vn 0.3757 0.9263 -0.0292
s 1
f 1/1/1 14/2/2 2/3/3
f 893/4/4 891/5/5 700/6/6
f 32/7/7 26/8/8 29/9/9
f 94/10/10 91/11/11 101/12/12
f 6/13/13 8/14/14 9/15/15
f 12/16/16 13/17/17 8/14/14
f 659/18/18 1488/19/19 661/20/20
f 54/21/21 55/22/22 38/23/23
f 1330/24/24 1331/25/25 1327/26/26
f 11/27/27 7/28/28 10/29/29
f 555/30/30 385/31/31 559/32/32
f 1306/33/33 838/34/34 837/35/35
f 15/36/36 32/7/7 16/37/37
f 49/38/38 48/39/39 47/40/40
f 783/41/41 779/42/42 625/43/43
f 102/44/44 100/45/45 101/12/12
f 37/46/46 39/47/47 40/48/48
f 70/49/49 67/50/50 69/51/51
f 25/52/52 29/9/9 26/8/8
f 115/53/53 114/54/54 113/55/55
f 46/56/56 51/57/57 52/58/58
f 130/59/59 5/60/60 4/61/61
f 77/62/62 73/63/63 76/64/64
f 57/65/65 58/66/66 56/67/67
f 25/52/52 36/68/68 28/69/69
f 45/70/70 62/71/71 46/56/56
f 64/72/72 71/73/73 70/49/49
f 66/74/74 64/72/72 65/75/75
f 1076/76/76 148/77/77 1078/78/78
f 67/50/50 80/79/79 68/80/80
f 132/81/81 130/59/59 131/82/82
f 72/83/83 74/84/84 75/85/85
f 56/67/67 58/66/66 62/71/71
f 1315/86/86 1318/87/87 1323/88/88
f 1370/89/89 1374/90/90 1379/91/91
f 120/92/92 121/93/93 104/94/94
f 82/95/95 87/96/96 83/97/97
f 23/98/98 24/99/99 7/28/28
f 119/100/100 115/53/53 118/101/101
f 701/102/102 696/103/103 699/104/104
f 97/105/105 92/106/106 94/10/10
f 81/107/107 97/105/105 82/95/95
f 100/45/45 99/108/108 98/109/109
f 783/41/41 781/110/110 779/42/42
f 804/111/111 794/112/112 644/113/113
f 679/114/114 675/115/115 1500/116/116
f 103/117/117 105/118/118 106/119/119
f 85/120/120 84/121/121 83/97/97
f 16/37/37 21/122/122 17/123/123
f 89/124/124 90/125/125 73/63/63
f 112/126/126 117/127/127 118/101/101
f 1053/128/128 88/129/129 87/96/96
f 19/130/130 18/131/131 17/123/123
f 105/118/118 104/94/94 108/132/132
f 44/133/133 41/134/134 39/47/47
f 1291/135/135 1289/136/136 1288/137/137
f 110/138/138 107/139/139 105/118/118
f 111/140/140 128/141/141 112/126/126
f 1085/142/142 170/143/143 1084/144/144
f 1/1/1 4/61/61 5/60/60
f 1091/145/145 185/146/146 1092/147/147
f 1490/148/148 577/149/149 1486/150/150
f 371/151/151 368/152/152 369/153/153
f 253/154/154 255/155/155 252/156/156
f 136/157/157 139/158/158 133/159/159
f 198/160/160 202/161/161 203/162/162
f 1114/163/163 240/164/164 248/165/165
f 1072/166/166 142/167/167 1074/168/168
f 189/169/169 184/170/170 188/171/171
f 186/172/172 183/173/173 187/174/174
f 145/175/175 142/167/167 144/176/176
f 1110/177/177 232/178/178 242/179/179
f 1092/147/147 190/180/180 1093/181/181
f 1089/182/182 1087/183/183 177/184/184
f 170/143/143 181/185/185 180/186/186
f 152/187/187 153/188/188 150/189/189
f 1127/190/190 525/191/191 529/192/192
f 1549/193/193 605/194/194 1545/195/195
f 137/196/196 252/156/156 256/197/197
f 250/198/198 248/165/165 249/199/199
f 217/200/200 219/201/201 223/202/202
f 413/203/203 983/204/204 265/205/205
f 155/206/206 156/207/207 1080/208/208
f 1082/209/209 165/210/210 163/211/211
f 218/212/212 228/213/213 227/214/214
f 165/210/210 162/215/215 166/216/216
f 166/216/216 163/211/211 165/210/210
f 1103/217/217 211/218/218 220/219/219
f 220/219/219 219/201/201 1103/217/217
f 886/220/220 1333/221/221 1330/24/24
f 169/222/222 171/223/223 175/224/224
f 462/225/225 461/226/226 1047/227/227
f 237/228/228 236/229/229 1159/230/230
f 232/178/178 243/231/231 242/179/179
f 670/232/232 669/233/233 674/234/234
f 205/235/235 214/236/236 213/237/237
f 893/4/4 892/238/238 891/5/5
f 1083/239/239 171/223/223 1085/142/142
f 209/240/240 204/241/241 208/242/242
f 207/243/243 204/241/241 206/244/244
f 1095/245/245 199/246/246 197/247/247
f 1377/248/248 1380/249/249 1382/250/250
f 1477/251/251 647/252/252 645/253/253
f 155/206/206 157/254/254 161/255/255
f 199/246/246 196/256/256 200/257/257
f 199/246/246 200/257/257 201/258/258
f 1138/259/259 1133/260/260 533/261/261
f 190/180/180 191/262/262 1093/181/181
f 136/157/157 137/196/196 138/263/263
f 142/167/167 147/264/264 143/265/265
f 247/266/266 254/267/267 253/154/154
f 1074/168/168 143/265/265 1073/268/268
f 1091/145/145 186/172/172 184/170/170
f 785/269/269 787/270/270 803/271/271
f 179/272/272 181/185/185 182/273/273
f 233/274/274 236/229/229 237/228/228
f 1016/275/275 492/276/276 490/277/277
f 1098/278/278 205/235/235 1097/279/279
f 143/265/265 152/187/187 151/280/280
f 149/281/281 153/188/188 154/282/282
f 1109/283/283 232/178/178 1108/284/284
f 592/285/285 1514/286/286 1519/287/287
f 163/288/211 168/289/288 164/290/289
f 1491/291/290 1492/292/291 580/293/292
f 164/290/289 173/294/293 172/295/294
f 1106/296/295 225/297/296 226/298/297
f 1031/299/298 22/300/299 21/122/122
f 149/281/281 159/301/300 158/302/301
f 225/297/296 230/303/302 226/298/297
f 206/244/244 203/162/162 207/243/243
f 134/304/303 140/305/304 141/306/305
f 251/307/306 246/308/307 250/198/198
f 1079/309/308 149/281/281 158/302/301
f 764/310/309 969/311/310 961/312/311
f 1095/245/245 197/247/247 198/160/160
f 1005/313/312 473/314/313 472/315/314
f 1097/279/279 213/237/237 1099/316/315
f 211/218/218 215/317/316 216/318/317
f 248/165/165 245/319/318 249/199/199
f 178/320/319 182/273/273 183/173/173
f 240/164/164 244/321/320 245/319/318
f 1090/322/321 178/320/319 186/172/172
f 1096/323/322 204/241/241 1098/278/278
f 214/236/236 215/317/316 212/324/323
f 662/325/324 666/326/325 667/327/326
f 144/176/176 141/306/305 145/175/175
f 1071/328/327 136/157/157 133/159/159
f 1071/328/327 133/159/159 134/304/303
f 185/146/146 193/329/328 192/330/329
f 190/180/180 196/256/256 191/262/262
f 1548/331/330 1545/195/195 1547/332/331
f 1250/333/332 1251/334/333 1261/335/334
f 259/336/335 261/337/336 262/338/337
f 1024/339/338 263/340/339 412/341/340
f 348/342/341 346/343/342 347/344/343
f 385/31/31 401/345/344 400/346/345
f 299/347/346 290/348/347 294/349/348
f 272/350/349 273/351/350 260/352/351
f 260/352/351 265/205/205 275/353/352
f 327/354/353 319/355/354 329/356/355
f 999/357/356 330/358/357 328/359/358
f 359/360/359 357/361/360 358/362/361
f 387/363/362 385/31/31 386/364/363
f 282/365/364 281/366/365 284/367/366
f 1541/368/367 1543/369/368 1539/370/369
f 315/371/370 309/372/371 317/373/372
f 656/374/373 654/375/374 655/376/375
f 307/377/376 306/378/377 297/379/378
f 368/152/152 357/361/360 360/380/379
f 381/381/380 378/382/381 380/383/382
f 992/384/383 308/385/384 310/386/385
f 1010/387/386 369/153/153 1012/388/387
f 1561/389/388 762/390/389 755/391/390
f 957/392/391 947/393/392 958/394/393
f 295/395/394 292/396/395 293/397/396
f 225/297/296 1105/398/397 227/214/214
f 1013/399/398 375/400/399 376/401/400
f 331/402/401 330/358/357 332/403/402
f 292/396/395 280/404/403 283/405/404
f 333/406/405 334/407/406 335/408/407
f 375/400/399 380/383/382 372/409/408
f 375/400/399 1018/410/409 381/381/380
f 1000/411/410 338/412/411 339/413/412
f 356/414/413 1009/415/414 362/416/415
f 399/417/416 397/418/417 401/345/344
f 1115/419/418 248/165/165 246/308/307
f 1212/420/419 1221/421/420 1220/422/421
f 389/423/422 383/424/423 391/425/424
f 1009/415/414 363/426/425 362/416/415
f 986/427/426 285/428/427 277/429/428
f 270/430/429 267/431/430 268/432/431
f 379/433/432 377/434/433 378/382/381
f 1138/259/259 176/435/434 1133/260/260
f 216/318/317 1154/436/435 221/437/436
f 1161/438/437 559/32/32 1166/439/438
f 259/336/335 257/440/439 258/441/440
f 192/330/329 194/442/441 190/180/180
f 338/412/411 1004/443/442 345/444/443
f 1489/445/444 1486/150/150 1488/19/19
f 335/408/407 321/446/445 324/447/446
f 338/412/411 344/448/447 333/406/405
f 407/449/448 408/450/449 409/451/450
f 263/340/339 980/452/451 262/338/337
f 1000/411/410 339/413/412 336/453/452
f 325/454/453 323/455/454 327/354/353
f 398/456/455 396/457/456 399/417/416
f 395/458/457 409/451/450 408/450/449
f 343/459/458 347/344/343 355/460/459
f 1010/387/386 370/461/460 371/151/151
f 587/462/461 585/463/462 1506/464/463
f 303/465/464 315/371/370 314/466/465
f 270/430/429 268/432/431 272/350/349
f 1330/24/24 1327/26/26 889/467/466
f 252/156/156 135/468/467 1117/469/468
f 283/405/404 289/470/469 288/471/470
f 392/472/471 393/473/472 394/474/473
f 324/447/446 321/446/445 322/475/474
f 1016/275/275 382/476/475 384/477/476
f 994/478/477 310/386/385 307/377/376
f 301/479/478 994/478/477 307/377/376
f 1149/480/479 550/481/480 1154/436/435
f 1483/482/481 654/483/374 652/484/482
f 300/485/483 297/379/378 299/486/346
f 990/487/484 302/488/485 991/489/486
f 370/461/460 1015/490/487 374/491/488
f 305/492/489 303/465/464 304/493/490
f 307/377/376 304/493/490 306/378/377
f 263/340/339 261/337/336 407/449/448
f 284/367/366 267/431/430 271/494/491
f 987/495/492 294/349/348 295/395/394
f 286/496/493 289/470/469 285/428/427
f 989/497/494 293/397/396 287/498/495
f 1018/410/409 384/477/476 381/381/380
f 313/499/496 311/500/497 312/501/498
f 572/502/499 1468/503/500 1472/504/501
f 282/365/364 280/404/403 281/366/365
f 874/505/502 1327/26/26 1324/506/503
f 995/507/504 318/508/505 320/509/506
f 1023/510/507 404/511/508 402/512/509
f 372/409/408 374/491/488 376/401/400
f 1226/513/510 1218/514/511 1227/515/512
f 271/494/491 279/516/513 278/517/514
f 1368/518/515 1369/519/516 1367/520/517
f 1143/521/518 193/329/328 1139/522/519
f 226/298/297 235/523/520 234/524/521
f 295/395/394 290/348/347 291/525/522
f 362/416/415 349/526/523 356/414/413
f 342/527/524 340/528/525 341/529/526
f 359/360/359 358/362/361 361/530/527
f 260/352/351 266/531/528 265/205/205
f 264/532/529 266/531/528 262/338/337
f 346/343/342 348/342/341 345/444/443
f 989/497/494 429/533/530 438/534/531
f 1024/339/338 416/535/532 979/536/533
f 417/537/534 415/538/535 414/539/536
f 451/540/537 1044/541/538 1042/542/539
f 504/543/540 505/544/541 502/545/542
f 425/546/543 424/547/544 413/203/203
f 445/548/545 450/549/546 443/550/547
f 427/551/548 423/552/549 422/553/550
f 512/554/551 1069/555/552 1068/556/553
f 1019/557/554 495/558/555 494/559/556
f 1035/560/557 436/561/558 1034/562/559
f 1565/563/560 771/564/561 1566/565/562
f 1036/566/563 436/561/558 438/534/531
f 1018/410/409 487/567/564 492/276/276
f 1541/368/367 734/568/565 1542/569/566
f 483/570/567 1012/388/387 485/571/568
f 438/534/531 435/572/569 1036/566/563
f 499/573/570 1065/574/571 1063/575/572
f 1015/490/487 484/576/573 488/577/574
f 420/578/575 423/552/549 433/579/576
f 1009/415/414 472/315/314 480/580/577
f 442/581/578 1039/582/579 445/548/545
f 433/579/576 430/583/580 986/427/426
f 456/584/581 457/585/582 454/586/583
f 437/587/584 987/495/492 436/561/558
f 484/576/573 1010/387/386 483/570/567
f 433/579/576 428/588/585 1033/589/586
f 1057/590/587 483/570/567 485/571/568
f 1160/591/588 553/592/589 1159/230/230
f 1019/557/554 497/593/590 495/558/555
f 1107/594/591 234/524/521 233/274/274
f 436/561/558 989/497/494 438/534/531
f 1552/595/592 756/596/593 1553/597/594
f 426/598/595 1030/599/596 427/551/548
f 493/600/597 498/601/598 491/602/599
f 161/255/255 160/603/600 1128/604/601
f 992/384/383 444/605/602 442/581/578
f 1050/606/603 470/607/604 469/608/605
f 995/507/504 449/609/606 447/610/607
f 463/611/608 461/226/226 1000/411/410
f 1055/612/609 481/613/610 480/580/577
f 503/614/611 506/615/612 507/616/613
f 465/617/614 1048/618/615 1047/227/227
f 959/619/616 962/620/617 960/621/618
f 1027/622/619 1026/623/620 418/624/621
f 1033/589/586 1031/299/298 434/625/622
f 424/547/544 425/546/543 421/626/623
f 1024/339/338 412/341/340 410/627/624
f 419/628/625 413/203/203 415/538/535
f 444/605/602 1039/582/579 442/581/578
f 398/456/455 405/629/626 406/630/627
f 980/452/451 416/535/532 417/537/534
f 1042/542/539 1043/631/628 452/632/629
f 1063/575/572 1064/633/630 500/634/631
f 444/605/602 1037/635/632 1041/636/633
f 991/637/486 437/587/584 440/638/634
f 995/507/504 447/610/607 446/639/635
f 1310/640/636 1308/641/637 1309/642/638
f 576/643/639 1480/644/640 1484/645/641
f 455/646/642 458/647/643 459/648/644
f 1016/275/275 490/277/277 489/649/645
f 484/576/573 483/570/567 1056/650/646
f 1060/651/647 1061/652/648 493/600/597
f 1013/399/398 487/567/564 1014/653/649
f 992/384/383 442/581/578 441/654/650
f 567/655/651 1458/656/652 1457/657/653
f 1145/658/654 541/659/655 1144/660/656
f 994/478/477 439/661/657 444/605/602
f 500/634/631 505/544/541 496/662/658
f 1507/663/659 1510/664/660 1511/665/661
f 1004/443/442 462/225/225 469/608/605
f 462/225/225 1000/411/410 461/226/226
f 1012/388/387 476/666/662 485/571/568
f 440/667/634 1037/635/632 439/661/657
f 558/668/663 395/458/457 408/450/449
f 407/449/448 561/669/664 408/450/449
f 615/670/665 616/671/666 1116/672/667
f 522/673/668 280/404/403 526/674/669
f 349/526/523 361/530/527 548/675/670
f 378/382/381 554/676/671 380/383/382
f 358/362/361 548/675/670 361/530/527
f 542/677/672 341/529/526 340/528/525
f 351/678/673 545/679/674 546/680/675
f 13/17/17 1030/599/596 2/3/3
f 722/681/676 718/682/677 721/683/678
f 123/684/679 124/685/680 122/686/681
f 372/409/408 552/687/682 373/688/683
f 554/676/671 372/409/408 380/383/382
f 555/30/30 388/689/684 386/364/363
f 547/690/685 357/361/360 550/481/480
f 530/691/686 303/465/464 533/261/261
f 269/692/687 520/693/688 521/694/689
f 873/695/690 875/696/691 890/697/692
f 333/406/405 537/698/693 539/699/694
f 1314/700/695 1311/701/696 1313/702/697
f 538/703/698 333/406/405 344/448/447
f 535/704/699 321/446/445 334/407/406
f 267/431/430 284/367/366 523/705/700
f 525/191/191 290/348/347 513/706/701
f 642/707/702 638/708/703 640/709/704
f 532/710/705 314/466/465 312/501/498
f 246/308/307 247/266/266 1115/419/418
f 757/711/706 759/712/707 768/713/708
f 524/714/709 292/396/395 291/525/522
f 33/715/710 43/716/711 35/717/712
f 553/592/589 377/434/433 556/718/713
f 559/32/32 400/346/345 397/418/417
f 516/719/714 257/440/439 273/351/350
f 304/493/490 531/720/715 306/378/377
f 281/366/365 523/705/700 284/367/366
f 549/721/716 368/152/152 367/722/717
f 532/710/705 311/500/497 536/723/718
f 536/723/718 326/724/719 323/455/454
f 1049/725/720 70/49/49 69/51/51
f 525/191/191 291/525/522 290/348/347
f 541/659/655 543/726/721 341/529/526
f 1065/574/571 499/573/570 1061/652/648
f 537/698/693 538/703/698 1142/727/722
f 604/728/723 1539/370/369 1543/369/368
f 521/694/689 1122/729/724 1123/730/725
f 1157/731/726 551/732/727 1156/733/728
f 1163/734/729 1158/735/730 556/718/713
f 1153/736/731 550/481/480 549/721/716
f 1167/737/732 560/738/733 1120/739/734
f 1119/740/735 1120/739/734 519/741/736
f 1124/742/737 526/674/669 1129/743/738
f 1128/604/601 526/674/669 524/714/709
f 534/744/739 1141/745/740 536/723/718
f 548/675/670 1146/746/741 545/679/674
f 752/747/742 747/748/743 750/749/744
f 460/750/745 464/751/746 453/752/747
f 1135/753/748 1130/754/749 531/720/715
f 1167/737/732 1164/755/750 562/756/751
f 1162/757/752 556/718/713 555/30/30
f 1144/660/656 546/680/675 1148/758/753
f 952/759/754 760/760/755 757/711/706
f 466/761/756 1006/762/757 347/344/343
f 1136/763/758 536/723/718 1141/745/740
f 523/705/700 1121/764/759 520/693/688
f 1164/755/750 557/765/760 558/668/663
f 452/632/629 457/585/582 448/766/761
f 475/767/762 1052/768/763 1051/769/764
f 1079/309/308 157/254/254 1080/208/208
f 1139/522/519 534/744/739 535/704/699
f 1152/770/765 552/687/682 1157/731/726
f 1160/591/588 1155/771/766 554/676/671
f 1364/772/767 1362/773/768 1372/774/769
f 1143/521/518 1139/522/519 540/775/770
f 1126/776/771 522/673/668 1125/777/772
f 1135/753/748 530/691/686 1134/778/773
f 1137/779/774 533/261/261 532/710/705
f 1118/780/775 521/694/689 1123/730/725
f 416/535/532 1068/556/553 1027/622/619
f 557/765/760 1166/439/438 559/32/32
f 474/781/776 473/314/313 466/761/756
f 699/104/104 704/782/777 712/783/778
f 1119/740/735 515/784/779 1118/780/775
f 897/785/780 902/786/781 910/787/782
f 582/788/783 1498/789/784 1499/790/785
f 1106/296/295 604/728/723 1105/398/397
f 481/613/610 479/791/786 478/792/787
f 1341/793/788 1338/794/789 1337/795/790
f 1425/796/791 1350/797/792 1431/798/793
f 573/799/794 576/643/639 1473/800/795
f 1088/801/796 584/802/797 580/293/292
f 584/802/797 1091/145/145 582/788/783
f 1496/803/798 580/293/292 1492/292/291
f 1461/804/799 569/805/800 568/806/801
f 578/807/802 1496/803/798 1485/808/803
f 386/364/363 388/689/684 389/423/422
f 1084/144/144 581/809/804 578/807/802
f 1087/183/183 581/809/804 1086/810/805
f 1468/503/500 571/811/806 1467/812/807
f 1474/813/808 574/814/809 573/799/794
f 568/806/801 572/502/499 1459/815/810
f 607/816/811 1109/283/283 605/194/194
f 778/817/812 770/818/813 771/564/561
f 612/819/814 1115/419/418 1116/672/667
f 1081/820/815 573/799/794 1080/208/208
f 1073/268/268 568/806/801 1074/168/168
f 578/807/802 1486/150/150 577/149/149
f 714/821/816 719/822/817 722/681/676
f 571/811/806 1478/823/818 1467/812/807
f 1504/824/819 1503/825/820 1493/826/821
f 573/799/794 1079/309/308 1080/208/208
f 1073/268/268 151/280/280 1075/827/822
f 460/750/745 453/752/747 455/646/642
f 918/828/823 914/829/824 923/830/825
f 1071/328/327 563/831/826 565/832/827
f 564/833/828 1466/834/829 1450/835/830
f 1115/419/418 613/836/831 1114/163/163
f 586/837/832 1093/181/181 1094/838/833
f 373/688/683 367/722/717 370/461/460
f 564/833/828 563/831/826 1071/328/327
f 583/839/834 588/840/835 1497/841/836
f 1111/842/837 608/843/838 610/844/839
f 1377/248/248 1378/845/840 1376/846/841
f 1513/847/842 591/848/843 589/849/844
f 1551/850/845 609/851/846 1550/852/847
f 1557/853/848 612/819/814 1556/854/849
f 623/855/850 620/856/851 622/857/852
f 1557/853/848 1559/858/853 1560/859/854
f 1538/860/855 607/816/811 1549/193/193
f 1555/861/856 608/843/838 1551/850/845
f 1533/862/857 601/863/858 599/864/859
f 1097/279/279 594/865/860 593/866/861
f 1545/195/195 606/867/862 1544/868/863
f 546/680/675 1147/869/864 1148/758/753
f 1262/870/865 1251/334/333 1254/871/866
f 653/872/867 654/483/374 656/873/373
f 575/874/868 1081/820/815 1082/209/209
f 1279/875/869 1270/876/870 1273/877/871
f 1107/594/591 603/878/872 1106/296/295
f 600/879/873 1543/369/368 1532/880/874
f 951/881/875 956/882/876 958/394/393
f 342/527/524 344/448/447 345/444/443
f 1103/217/217 599/864/859 601/863/858
f 885/883/877 887/884/878 900/885/879
f 594/865/860 1531/886/880 1520/887/881
f 795/888/882 793/889/883 792/890/884
f 492/276/276 1060/651/647 490/277/277
f 960/621/618 965/891/885 968/892/886
f 1029/893/887 1028/894/888 11/27/27
f 312/501/498 314/466/465 315/371/370
f 1397/895/889 1395/896/890 1394/897/891
f 1562/898/892 611/899/893 1557/853/848
f 1416/900/894 1424/901/895 1404/902/896
f 1520/887/881 593/866/861 594/865/860
f 1563/903/897 1564/904/898 614/905/899
f 754/906/900 1553/597/594 756/596/593
f 57/65/65 1048/618/615 460/750/745
f 991/637/486 294/349/348 988/907/901
f 1082/908/209 579/909/902 575/910/868
f 102/44/44 1249/911/903 99/108/108
f 28/69/69 1038/912/904 1035/560/557
f 682/913/905 679/114/114 681/914/906
f 590/915/907 1525/916/908 1512/917/909
f 36/918/68 33/715/710 35/717/712
f 1178/919/910 1233/920/911 1216/921/912
f 628/922/913 630/923/914 627/924/915
f 627/924/915 626/925/916 625/43/43
f 811/926/917 1296/927/918 1294/928/919
f 1535/929/920 726/930/921 724/931/922
f 900/885/879 894/932/923 897/785/780
f 1384/933/924 1381/934/925 955/935/926
f 27/936/927 1186/937/928 26/8/8
f 1117/469/468 1070/938/929 566/939/930
f 1523/940/931 1525/916/908 1521/941/932
f 725/942/933 1535/929/920 1534/943/934
f 1132/944/935 167/945/936 166/216/216
f 1214/946/937 56/67/67 61/947/938
f 639/948/939 636/949/940 635/950/941
f 685/951/942 680/952/943 1509/953/944
f 1052/768/763 77/62/62 1051/769/764
f 707/954/945 705/955/946 1523/940/931
f 642/707/702 640/709/704 641/956/947
f 646/957/948 647/252/252 649/958/949
f 53/959/950 49/38/38 52/58/58
f 1540/960/951 736/961/952 1541/368/367
f 674/234/234 677/962/953 678/963/954
f 1403/964/955 1411/965/956 1405/966/957
f 1116/672/667 252/156/156 1117/469/468
f 1105/398/397 604/728/723 600/879/873
f 660/967/958 657/968/959 656/374/373
f 650/969/960 646/957/948 649/958/949
f 764/310/309 766/970/961 777/971/962
f 765/972/963 762/390/389 763/973/964
f 649/958/949 648/974/965 653/872/867
f 924/975/966 923/830/825 922/976/967
f 762/390/389 1560/859/854 1559/858/853
f 747/748/743 745/977/968 1547/332/331
f 703/978/969 684/979/970 693/980/971
f 1300/981/972 1303/982/973 1301/983/974
f 598/984/975 1527/985/976 1531/886/880
f 1544/868/863 610/844/839 1555/861/856
f 618/986/977 1456/987/978 617/988/979
f 629/989/980 617/988/979 630/923/914
f 1456/987/978 619/990/981 617/988/979
f 617/988/979 620/856/851 621/991/982
f 686/992/983 688/993/984 689/994/985
f 687/995/986 691/996/987 688/993/984
f 623/855/850 624/997/988 626/925/916
f 350/998/989 352/999/990 349/526/523
f 1455/1000/991 772/1001/992 1565/563/560
f 774/1002/993 618/986/977 629/989/980
f 776/1003/994 772/1001/992 774/1002/993
f 1355/1004/995 1352/1005/996 1351/1006/997
f 1566/565/562 770/818/813 1567/1007/998
f 72/83/83 1229/1008/999 1238/1009/1000
f 769/1010/1001 755/391/390 762/390/389
f 702/1011/1002 689/994/985 703/978/969
f 700/6/6 703/978/969 701/102/102
f 684/979/970 1509/953/944 1508/1012/1003
f 1151/1013/1004 547/690/685 1150/1014/1005
f 1312/1015/1006 1307/1016/1007 1311/701/696
f 683/1017/1008 681/914/906 685/951/942
f 760/760/755 758/1018/1009 757/711/706
f 508/1019/1010 511/1020/1011 501/1021/1012
f 716/1022/1013 1530/1023/1014 1529/1024/1015
f 758/1018/1009 755/391/390 759/712/707
f 722/681/676 706/1025/1016 714/821/816
f 746/1026/1017 1554/1027/1018 754/906/900
f 750/749/744 754/906/900 761/1028/1019
f 1304/1029/1020 1298/1030/1021 1297/1031/1022
f 717/1032/1023 719/822/817 720/1033/1024
f 728/1034/1025 729/1035/1026 727/1036/1027
f 721/683/678 710/1037/1028 722/681/676
f 682/913/905 675/115/115 679/114/114
f 723/1038/1029 724/931/922 731/1039/1030
f 735/1040/1031 1548/331/330 744/1041/1032
f 488/577/574 1013/399/398 1015/490/487
f 791/1042/1033 784/1043/1034 787/270/270
f 709/1044/1035 710/1037/1028 708/1045/1036
f 749/1046/1037 750/749/744 748/1047/1038
f 1550/852/847 613/836/831 1562/898/892
f 1546/1048/1039 747/748/743 1547/332/331
f 840/1049/1040 835/1050/1041 845/1051/1042
f 740/1052/1043 744/1041/1032 752/747/742
f 1534/943/934 733/1053/1044 725/942/933
f 738/1054/1045 740/1052/1043 737/1055/1046
f 753/1056/1047 740/1052/1043 752/747/742
f 742/1057/1048 729/1035/1026 743/1058/1049
f 635/950/941 633/1059/1050 634/1060/1051
f 720/1033/1024 716/1022/1013 715/1061/1052
f 1528/1062/1053 723/1038/1029 715/1061/1052
f 731/1039/1030 726/930/921 729/1035/1026
f 713/1063/1054 699/104/104 712/783/778
f 768/713/708 767/1064/1055 764/310/309
f 715/1061/1052 1529/1024/1015 1528/1062/1053
f 636/949/940 792/890/884 637/1065/1056
f 871/1066/1057 678/963/954 677/962/953
f 1522/1067/1058 714/821/816 706/1025/1016
f 712/783/778 707/954/945 710/1037/1028
f 742/1057/1048 741/1068/1059 738/1054/1045
f 748/1047/1038 761/1028/1019 760/760/755
f 508/1019/1010 501/1021/1012 503/614/611
f 1515/1069/1060 704/782/777 695/1070/1061
f 743/1058/1049 733/1053/1044 734/568/565
f 991/489/486 439/661/657 990/487/484
f 41/134/134 1198/1071/1062 40/48/48
f 763/973/964 1567/1007/998 770/818/813
f 1464/1072/1063 1463/1073/1064 633/1059/1050
f 732/1074/1065 720/1033/1024 731/1039/1030
f 695/1070/1061 1516/1075/1066 1515/1069/1060
f 1328/1076/1067 1336/1077/1068 1419/1078/1069
f 579/909/902 1479/1079/1070 575/910/868
f 701/102/102 693/980/971 694/1080/1071
f 1508/1012/1003 693/980/971 684/979/970
f 1518/1081/1072 694/1080/1071 693/980/971
f 773/1082/1073 629/989/980 628/922/913
f 775/1083/1074 774/1002/993 773/1082/1073
f 777/971/962 776/1003/994 775/1083/1074
f 627/924/915 780/1084/1075 628/922/913
f 882/1085/1076 879/1086/1077 690/1087/1078
f 779/42/42 782/1088/1079 780/1084/1075
f 879/1086/1077 884/1089/1080 880/1090/1081
f 1480/644/640 1483/482/481 1484/645/641
f 880/1090/1081 887/884/878 890/697/692
f 1357/1091/1082 1358/1092/1083 1359/1093/1084
f 887/884/878 883/1094/1085 900/885/879
f 761/1028/1019 756/596/593 758/1018/1009
f 869/1095/1086 872/1096/1087 870/1097/1088
f 869/1095/1086 860/1098/1089 678/963/954
f 795/888/882 796/1099/1090 797/1100/1091
f 863/1101/1092 865/1102/1093 877/1103/1094
f 527/1104/1095 513/706/701 514/1105/1096
f 800/1106/1097 797/1100/1091 796/1099/1090
f 875/696/691 870/1097/1088 872/1096/1087
f 861/1107/1098 858/1108/1099 671/1109/1100
f 1373/1110/1101 936/1111/1102 948/1112/1103
f 665/1113/1104 833/1114/1105 657/968/959
f 859/1115/1106 849/1116/1107 857/1117/1108
f 810/1118/1109 812/1119/1110 813/1120/1111
f 867/1121/1112 866/1122/1113 863/1101/1092
f 868/1123/1114 849/1116/1107 859/1115/1106
f 907/1124/1115 912/1125/1116 921/1126/1117
f 657/1127/959 830/1128/1118 658/1129/1119
f 817/1130/1120 809/1131/1121 807/1132/1122
f 844/1133/1123 845/1051/1042 843/1134/1124
f 651/1135/1125 807/1132/1122 643/1136/1126
f 820/1137/1127 821/1138/1128 822/1139/1129
f 1427/1140/1130 1422/1141/1131 1426/1142/1132
f 583/839/834 1498/789/784 582/788/783
f 854/1143/1133 852/1144/1134 851/1145/1135
f 813/1120/1111 818/1146/1136 828/1147/1137
f 1082/908/209 163/288/211 164/290/289
f 820/1137/1127 818/1146/1136 817/1130/1120
f 857/1117/1108 847/1148/1138 672/1149/1139
f 834/1150/1140 835/1050/1041 836/1151/1141
f 830/1128/1118 836/1152/1141 832/1153/1142
f 837/35/35 839/1154/1143 840/1049/1040
f 810/1118/1109 828/1147/1137 826/1155/1144
f 825/1156/1145 821/1138/1128 831/1157/1146
f 864/1158/1147 862/1159/1148 865/1102/1093
f 823/1160/1149 842/1161/1150 841/1162/1151
f 650/969/960 817/1130/1120 651/1135/1125
f 901/1163/1152 894/932/923 893/4/4
f 808/1164/1153 809/1131/1121 806/1165/1154
f 814/1166/1155 812/1119/1110 811/926/917
f 853/1167/1156 850/1168/1157 849/1116/1107
f 827/1169/1158 822/1139/1129 824/1170/1159
f 826/1155/1144 824/1170/1159 823/1160/1149
f 664/1171/1160 844/1133/1123 665/1113/1104
f 830/1128/1118 831/1157/1146 829/1172/1161
f 959/619/616 757/711/706 768/713/708
f 806/1165/1154 796/1099/1090 804/111/111
f 1416/900/894 1405/966/957 1410/1173/1162
f 126/1174/1163 1067/1175/1164 1064/633/630
f 816/1176/1165 796/1099/1090 806/1165/1154
f 851/1145/1135 868/1123/1114 867/1121/1112
f 842/1161/1150 832/1153/1142 839/1177/1143
f 1404/902/896 1437/1178/1166 1443/1179/1167
f 869/1095/1086 862/1159/1148 860/1098/1089
f 1526/1180/1168 596/1181/1169 597/1182/1170
f 792/890/884 784/1043/1034 783/41/41
f 801/1183/1171 799/1184/1172 798/1185/1173
f 787/270/270 793/889/883 803/271/271
f 1306/1186/33 1305/1187/1174 1302/1188/1175
f 865/1102/1093 870/1097/1088 878/1189/1176
f 687/995/986 881/1190/1177 882/1085/1076
f 882/1085/1076 883/1094/1085 884/1089/1080
f 930/1191/1178 925/1192/1179 927/1193/1180
f 871/1066/1057 880/1090/1081 872/1096/1087
f 922/976/967 913/1194/1181 717/1032/1023
f 686/992/983 891/5/5 881/1190/1177
f 971/1195/1182 969/311/310 775/1083/1074
f 891/5/5 883/1094/1085 881/1190/1177
f 972/1196/1183 969/311/310 971/1195/1182
f 1111/842/837 241/1197/1184 239/1198/1185
f 961/312/311 970/1199/1186 962/620/617
f 963/1200/1187 965/891/885 977/1201/1188
f 1260/1202/1189 1259/1203/1190 1257/1204/1191
f 977/1201/1188 962/620/617 970/1199/1186
f 974/1205/1192 970/1199/1186 972/1196/1183
f 944/1206/1193 942/1207/1194 751/1208/1195
f 632/1209/1196 624/997/988 623/855/850
f 942/1207/1194 934/1210/1197 737/1055/1046
f 944/1206/1193 951/881/875 945/1211/1198
f 1289/136/136 1291/135/135 1292/1212/1199
f 955/935/926 958/394/393 956/882/876
f 855/1213/1200 846/1214/1201 850/1168/1157
f 597/1182/1170 1537/1215/1202 1526/1180/1168
f 903/1216/1203 901/1163/1152 711/1217/1204
f 953/1218/1205 950/1219/1206 952/759/754
f 950/1219/1206 944/1206/1193 748/1047/1038
f 623/855/850 631/1220/1207 632/1209/1196
f 916/1221/1208 918/828/823 915/1222/1209
f 1532/880/874 1542/569/566 1534/943/934
f 958/394/393 945/1211/1198 951/881/875
f 1177/1223/1210 1169/1224/1211 1173/1225/1212
f 738/1054/1045 932/1226/1213 742/1057/1048
f 945/1211/1198 942/1207/1194 944/1206/1193
f 829/1172/1161 819/1227/1214 658/1129/1119
f 934/1210/1197 943/1228/1215 935/1229/1216
f 937/1230/1217 938/1231/1218 936/1111/1102
f 968/892/886 953/1218/1205 960/621/618
f 943/1228/1215 947/393/392 949/1232/1219
f 946/1233/1220 949/1232/1219 947/393/392
f 643/1136/1126 805/1234/1221 644/113/113
f 637/1065/1056 635/950/941 636/949/940
f 932/1226/1213 924/975/966 727/1036/1027
f 861/1107/1098 862/1159/1148 859/1115/1106
f 926/1235/1222 941/1236/1223 939/1237/1224
f 928/1238/1225 925/1192/1179 933/1239/1226
f 895/1240/1227 897/785/780 910/787/782
f 924/975/966 922/976/967 730/1241/1228
f 913/1194/1181 912/1125/1116 911/1242/1229
f 911/1242/1229 903/1216/1203 708/1045/1036
f 922/976/967 914/829/824 913/1194/1181
f 929/1243/1230 927/1193/1180 926/1235/1222
f 940/1244/1231 935/1229/1216 937/1230/1217
f 948/1112/1103 938/1231/1218 949/1232/1219
f 718/682/677 911/1242/1229 721/683/678
f 934/1210/1197 933/1239/1226 932/1226/1213
f 782/1088/1079 781/110/110 791/1042/1033
f 911/1242/1229 904/1245/1232 903/1216/1203
f 1535/929/920 1537/1215/1202 1533/862/857
f 812/1119/1110 809/1131/1121 813/1120/1111
f 903/1216/1203 902/786/781 901/1163/1152
f 901/1163/1152 893/4/4 697/1246/1233
f 932/1226/1213 925/1192/1179 924/975/966
f 908/1247/1234 907/1124/1115 906/1248/1235
f 938/1231/1218 935/1229/1216 943/1228/1215
f 910/787/782 904/1245/1232 907/1124/1115
f 1092/147/147 583/839/834 1091/145/145
f 628/922/913 971/1195/1182 773/1082/1073
f 971/1195/1182 782/1088/1079 972/1196/1183
f 663/1249/1236 665/1113/1104 660/967/958
f 477/1250/1237 1008/1251/1238 1007/1252/1239
f 961/312/311 768/713/708 764/310/309
f 1423/1253/1240 1415/1254/1241 1421/1255/1242
f 430/583/580 985/1256/1243 984/1257/1244
f 501/1021/1012 1025/1258/1245 406/630/627
f 466/761/756 347/344/343 1003/1259/1246
f 406/630/627 1022/1260/1247 501/1021/1012
f 446/639/635 999/357/356 996/1261/1248
f 413/203/203 265/205/205 978/1262/1249
f 217/200/200 218/212/212 1104/1263/1250
f 632/1209/1196 633/1059/1050 635/950/941
f 1417/1264/1251 1409/1265/1252 1407/1266/1253
f 494/559/556 1023/510/507 1020/1267/1254
f 489/649/645 1021/1268/1255 1017/1269/1256
f 39/47/47 38/23/23 42/1270/1257
f 453/752/747 1002/1271/1258 332/403/402
f 1048/618/615 64/72/72 1047/227/227
f 2/3/3 419/628/625 1026/623/620
f 480/580/577 1051/769/764 1055/612/609
f 1189/1272/1259 1196/1273/1260 1187/1274/1261
f 1055/612/609 76/64/64 88/129/129
f 1041/636/633 42/1270/1257 1039/582/579
f 21/122/122 1032/1275/1262 1031/299/298
f 1062/1276/1263 108/132/132 1060/651/647
f 1062/1276/1263 100/45/45 109/1277/1264
f 79/1278/1265 1052/768/763 68/80/80
f 1034/562/559 30/1279/1266 29/9/9
f 117/127/127 1063/575/572 118/101/101
f 1026/623/620 4/61/61 3/1280/1267
f 1041/636/633 35/717/712 43/716/711
f 57/65/65 460/750/745 1045/1281/1268
f 1044/541/538 451/540/537 1040/1282/1269
f 657/1127/959 653/872/867 656/873/373
f 64/72/72 1050/606/603 1047/227/227
f 1069/555/552 130/59/59 1068/556/553
f 1069/555/552 512/554/551 508/1019/1010
f 1320/1283/1270 1321/1284/1271 1322/1285/1272
f 60/1286/1273 1046/1287/1274 1043/631/628
f 1521/941/932 595/1288/1275 593/866/861
f 1439/1289/1276 1393/1290/1277 1446/1291/1278
f 1042/542/539 51/57/57 1043/631/628
f 518/1292/1279 407/449/448 261/337/336
f 28/69/69 1034/562/559 29/9/9
f 87/96/96 1054/1293/1280 1053/128/128
f 1033/589/586 10/29/29 22/300/299
f 643/1136/1126 639/948/939 642/707/702
f 130/59/59 1027/622/619 1068/556/553
f 35/717/712 1038/1294/904 36/918/68
f 663/1249/1236 659/18/18 661/20/20
f 1059/1295/1281 100/45/45 1058/1296/1282
f 514/1297/1096 296/1298/1283 306/378/377
f 373/688/683 549/721/716 367/722/717
f 803/271/271 797/1100/1091 799/1184/1172
f 667/327/326 668/1299/1284 670/232/232
f 676/1300/1285 692/1301/1286 677/962/953
f 1075/827/822 1076/76/76 572/502/499
f 1095/245/245 1096/323/322 590/915/907
f 1100/1302/1287 598/984/975 1099/316/315
f 954/1303/1288 956/882/876 968/892/886
f 593/866/861 1096/323/322 1098/278/278
f 1110/177/177 610/844/839 606/867/862
f 1407/1266/1253 1406/1304/1289 1304/1029/1020
f 1077/1305/1290 571/811/806 570/1306/1291
f 1112/1307/1292 609/851/846 608/843/838
f 587/462/461 588/840/835 1092/147/147
f 183/173/173 1141/745/740 187/174/174
f 230/303/302 1160/591/588 235/523/520
f 320/509/506 316/1308/1293 995/507/504
f 398/456/455 406/630/627 411/1309/1294
f 209/240/240 1147/869/864 1146/746/741
f 1122/729/724 145/175/175 1123/730/725
f 1161/438/437 244/321/320 1162/757/752
f 153/188/188 1126/776/771 1125/777/772
f 1167/737/732 254/267/267 1164/755/750
f 176/435/434 1134/778/773 1133/260/260
f 1129/743/738 154/282/282 1124/742/737
f 230/303/302 1156/733/728 1155/771/766
f 168/289/288 1131/1310/1295 1130/754/749
f 1134/778/773 175/224/224 174/1311/1296
f 224/1312/1297 1153/736/731 1152/770/765
f 1100/1302/1287 210/1313/1298 1102/1314/1299
f 1121/764/759 152/187/187 147/264/264
f 215/317/316 1151/1013/1004 1150/1014/1005
f 216/318/317 1150/1014/1005 1149/480/479
f 360/380/379 366/1315/1300 365/1316/1301
f 141/306/305 1123/730/725 145/175/175
f 1166/439/438 245/319/318 1161/438/437
f 201/258/258 200/257/257 1145/658/654
f 195/1317/1302 1142/727/722 196/256/256
f 1132/944/935 162/215/215 1127/190/190
f 987/495/492 293/397/396 989/497/494
f 168/289/288 1135/753/748 173/294/293
f 202/161/161 1144/660/656 203/162/162
f 1146/746/741 214/236/236 209/240/240
f 241/1197/1184 243/231/231 244/321/320
f 324/447/446 332/403/402 337/1318/1303
f 1147/869/864 207/243/243 1148/758/753
f 189/169/169 1140/1319/1304 1139/522/519
f 1163/734/729 238/1320/1305 1158/735/730
f 1136/763/758 182/273/273 1137/779/774
f 1162/757/752 243/231/231 1163/734/729
f 162/215/215 1128/604/601 1127/190/190
f 1153/736/731 222/1321/1306 1154/436/435
f 238/1320/1305 1159/230/230 1158/735/730
f 401/345/344 393/473/472 403/1322/1307
f 1157/731/726 224/1312/1297 1152/770/765
f 227/214/214 229/1323/1308 225/297/296
f 229/1323/1308 1157/731/726 1156/733/728
f 1428/1324/1309 1427/1140/1130 1425/796/791
f 1086/810/805 170/143/143 180/186/186
f 251/307/306 1165/1325/1310 1164/755/750
f 154/282/282 1125/777/772 1124/742/737
f 203/162/162 1148/758/753 207/243/243
f 147/264/264 1122/729/724 1121/764/759
f 250/198/198 1166/439/438 1165/1325/1310
f 256/197/197 1120/739/734 137/196/196
f 140/305/304 1118/780/775 141/306/305
f 56/67/67 1220/422/421 66/74/74
f 1226/513/510 67/50/50 71/73/73
f 1231/1326/1311 1224/1327/1312 1232/1328/1313
f 1221/421/420 1219/1329/1314 1220/422/421
f 122/686/681 1277/1330/1315 132/81/81
f 351/678/673 353/1331/1316 352/999/990
f 1145/658/654 1142/727/722 544/1332/1317
f 1228/1333/1318 1227/515/512 1222/1334/1319
f 1412/1335/1320 1315/86/86 1413/1336/1321
f 122/686/681 1271/1337/1322 1269/1338/1323
f 1214/946/937 1207/1339/1324 1215/1340/1325
f 1272/1341/1326 1269/1338/1323 1271/1337/1322
f 18/131/131 1180/1342/1327 15/36/36
f 1209/1343/1328 1206/1344/1329 50/1345/1330
f 1256/1346/1331 1258/1347/1332 1267/1348/1333
f 1210/1349/1334 1208/1350/1335 1209/1343/1328
f 1216/1351/912 1207/1339/1324 1211/1352/1336
f 739/1353/1337 736/961/952 735/1040/1031
f 110/138/138 1250/333/332 1260/1202/1189
f 389/423/422 377/434/433 379/433/432
f 1184/1354/1338 1182/1355/1339 1183/1356/1340
f 107/139/139 1255/1357/1341 106/119/119
f 1268/1358/1342 1267/1348/1333 1262/870/865
f 1242/1359/1343 1244/1360/1344 1253/1361/1345
f 1094/838/833 1095/245/245 591/848/843
f 34/1362/1346 1194/1363/1347 33/715/710
f 1194/1363/1347 1196/1364/1260 1204/1365/1348
f 1197/1366/1349 1189/1272/1259 1193/1367/1350
f 31/1368/1351 1180/1342/1327 1191/1369/1352
f 1246/1370/1353 1245/1371/1354 1243/1372/1355
f 93/1373/1356 1241/1374/1357 92/106/106
f 1254/871/866 1244/1360/1344 1248/1375/1358
f 786/1376/1359 1284/1377/1360 1282/1378/1361
f 111/140/140 1263/1379/1362 1271/1337/1322
f 1266/1380/1363 1263/1379/1362 116/1381/1364
f 788/1382/1365 1280/1383/1366 789/1384/1367
f 1267/1348/1333 1265/1385/1368 1266/1380/1363
f 54/21/21 1199/1386/1369 1209/1343/1328
f 790/1387/1370 791/1042/1033 789/1384/1367
f 80/79/79 1223/1388/1371 1231/1326/1311
f 14/2/2 1174/1389/1372 9/15/15
f 1269/1338/1323 1278/1390/1373 1277/1330/1315
f 1231/1326/1311 1230/1391/1374 1229/1008/999
f 129/1392/1375 1171/1393/1376 5/60/60
f 132/81/81 1274/1394/1377 129/1392/1375
f 1275/1395/1378 1171/1393/1376 1274/1394/1377
f 1278/1390/1373 1276/1396/1379 1277/1330/1315
f 921/1126/1117 914/829/824 917/1397/1380
f 1273/877/871 1264/1398/1381 1268/1358/1342
f 510/1399/1382 511/1020/1011 509/1400/1383
f 34/1401/1346 1187/1274/1261 1195/1402/1384
f 1235/1403/1385 1236/1404/1386 1247/1405/1387
f 1171/1393/1376 1170/1406/1388 1168/1407/1389
f 1248/1375/1358 1247/1405/1387 1240/1408/1390
f 1222/1334/1319 1213/1409/1391 1216/1351/912
f 45/70/70 1206/1344/1329 1214/946/937
f 1271/1337/1322 1264/1398/1381 1272/1341/1326
f 1176/1410/1392 1175/1411/1393 1174/1389/1372
f 84/121/121 1235/1403/1385 81/107/107
f 689/994/985 685/951/942 684/979/970
f 1180/1342/1327 1181/1412/1394 1192/1413/1395
f 1226/513/510 1225/1414/1396 1223/1388/1371
f 1232/1328/1313 1224/1327/1312 1228/1333/1318
f 211/218/218 221/437/436 220/219/219
f 1191/1369/1352 1190/1415/1397 1188/1416/1398
f 1183/1356/1340 1179/1417/1399 20/1418/1400
f 1193/1367/1350 1192/1413/1395 1185/1419/1401
f 99/108/108 1250/333/332 98/109/109
f 66/74/74 1217/1420/1402 63/1421/1403
f 975/1422/1404 974/1205/1192 973/1423/1405
f 102/44/44 1242/1359/1343 1252/1424/1406
f 96/1425/1407 1235/1403/1385 1246/1370/1353
f 1199/1386/1369 1201/1426/1408 1210/1349/1334
f 1203/1427/1409 1202/1428/1410 1200/1429/1411
f 44/133/133 1194/1363/1347 1203/1427/1409
f 1211/1352/1336 1210/1349/1334 1205/1430/1412
f 6/13/13 1174/1389/1372 1183/1356/1340
f 1238/1009/1000 1234/1431/1413 86/1432/1414
f 1174/1389/1372 1184/1354/1338 1183/1356/1340
f 1239/1433/1415 1237/1434/1416 1238/1009/1000
f 120/92/92 1256/1346/1331 1266/1380/1363
f 1463/1073/1064 1461/804/799 1460/1435/1417
f 1240/1408/1390 1239/1433/1415 1233/1436/911
f 14/2/2 1168/1407/1389 1176/1410/1392
f 80/79/79 1229/1008/999 75/85/85
f 1176/1410/1392 1169/1224/1211 1177/1223/1210
f 898/1437/1418 897/785/780 896/1438/1419
f 1/1/1 1171/1393/1376 1168/1407/1389
f 603/878/872 1539/370/369 602/1439/1420
f 1185/1419/1401 1184/1354/1338 1178/1440/910
f 841/1162/1151 839/1177/1143 838/1441/34
f 966/1442/1421 965/891/885 964/1443/1422
f 327/354/353 311/500/497 313/499/496
f 1205/1430/1412 1204/1365/1348 1197/1444/1349
f 696/103/103 1517/1445/1423 1516/1075/1066
f 1132/944/935 529/192/192 528/1446/1424
f 1059/1295/1281 486/1447/1425 488/577/574
f 1481/1448/1426 1490/148/148 1489/445/444
f 1056/650/646 101/12/12 1059/1295/1281
f 394/474/473 390/1449/1427 1019/557/554
f 1400/1450/1428 1286/1451/1429 1293/1452/1430
f 1324/506/503 1319/1453/1431 877/1103/1094
f 1313/702/697 851/1145/1135 867/1121/1112
f 1012/388/387 369/153/153 364/1454/1432
f 691/996/987 690/1087/1078 692/1301/1286
f 1323/88/88 1321/1284/1271 1329/1455/1433
f 957/392/391 1375/1456/1434 946/1233/1220
f 1056/650/646 95/1457/1435 94/10/10
f 895/1240/1227 1339/1458/1436 1340/1459/1437
f 1297/1031/1022 1295/1460/1438 1294/928/919
f 128/141/141 124/685/680 125/1461/1439
f 78/1462/1440 79/1278/1265 74/84/84
f 1101/1463/1441 601/863/858 597/1182/1170
f 642/707/702 651/1135/1125 643/1136/1126
f 826/1155/1144 1302/1188/1175 1300/981/972
f 667/327/326 664/1171/1160 663/1249/1236
f 952/759/754 960/621/618 953/1218/1205
f 68/80/80 471/1464/1442 1049/725/720
f 815/1465/1443 1294/928/919 1290/1466/1444
f 854/1143/1133 1313/702/697 1311/701/696
f 1306/1186/33 1302/1188/1175 841/1162/1151
f 1363/1467/1445 1361/1468/1446 1360/1469/1447
f 637/1065/1056 783/41/41 624/997/988
f 517/1470/1448 261/337/336 258/441/440
f 1283/1471/1449 1282/1378/1361 1285/1472/1450
f 1502/1473/1451 1498/789/784 1501/1474/1452
f 1288/137/137 1284/1377/1360 802/1475/1453
f 1418/1476/1454 1329/1455/1433 1328/1076/1067
f 1229/1008/999 1239/1433/1415 1238/1009/1000
f 615/670/665 1564/904/898 1568/1477/1455
f 1337/795/790 1333/221/221 899/1478/1456
f 973/1423/1405 1281/1479/1457 1396/1480/1458
f 1394/897/891 1390/1481/1459 976/1482/1460
f 1316/1483/1461 1312/1015/1006 1315/86/86
f 1435/1484/1462 1370/89/89 1440/1485/1463
f 1341/793/788 1340/1459/1437 1339/1458/1436
f 670/232/232 672/1149/1139 667/327/326
f 1351/1006/997 1347/1486/1464 920/1487/1465
f 1532/880/874 599/864/859 600/879/873
f 1072/166/166 568/806/801 569/805/800
f 181/185/185 1137/779/774 182/273/273
f 929/1243/1230 1353/1488/1466 915/1222/1209
f 421/626/623 982/1489/1467 981/1490/1468
f 826/1155/1144 1296/927/918 810/1118/1109
f 939/1237/1224 1368/518/515 1367/520/517
f 1173/1225/1212 1172/1491/1469 1279/875/869
f 915/1222/1209 1353/1488/1466 1354/1492/1470
f 1367/520/517 1366/1493/1471 939/1237/1224
f 1392/1494/1472 1389/1495/1473 1391/1496/1474
f 1434/1497/1475 1364/772/767 1372/774/769
f 1304/1029/1020 1303/982/973 1310/1498/636
f 906/1248/1235 1347/1486/1464 1344/1499/1476
f 706/1025/1016 1523/940/931 1522/1067/1058
f 1349/1500/1477 1346/1501/1478 1348/1502/1479
f 964/1443/1422 1390/1481/1459 1387/1503/1480
f 983/204/204 276/1504/1481 274/1505/1482
f 848/1506/1483 849/1116/1107 850/1168/1157
f 485/571/568 482/1507/1484 1057/590/587
f 1252/1424/1406 1251/334/333 1249/911/903
f 480/580/577 477/1250/1237 1009/415/414
f 1438/1508/1485 1386/1509/1486 1385/1510/1487
f 926/1235/1222 1363/1467/1445 929/1243/1230
f 670/232/232 678/963/954 671/1109/1100
f 1344/1499/1476 1339/1458/1436 909/1511/1488
f 441/654/650 997/1512/1489 993/1513/1490
f 1387/1503/1480 1384/933/924 967/1514/1491
f 1085/142/142 579/909/902 1083/239/239
f 676/1300/1285 673/1515/1492 675/115/115
f 1402/1516/1493 1447/1517/1494 1445/1518/1495
f 1401/1519/1496 1299/1520/1497 1408/1521/1498
f 1444/1522/1499 1399/1523/1500 1398/1524/1501
f 1401/1519/1496 1402/1516/1493 1400/1450/1428
f 1440/1485/1463 1443/1179/1167 1435/1484/1462
f 905/1525/1502 907/1124/1115 921/1126/1117
f 890/697/692 872/1096/1087 880/1090/1081
f 63/1421/1403 1226/513/510 71/73/73
f 1436/1526/1503 1356/1527/1504 1365/1528/1505
f 1407/1266/1253 1408/1521/1498 1406/1304/1289
f 1433/1529/1506 1424/901/895 1428/1324/1309
f 698/1530/1507 699/104/104 697/1246/1233
f 1395/896/890 1397/895/889 1398/1524/1501
f 434/625/622 432/1531/1508 431/1532/1509
f 1413/1336/1321 1414/1533/1510 1412/1335/1320
f 1419/1078/1069 1420/1534/1511 1418/1476/1454
f 1411/965/956 1403/964/955 1401/1519/1496
f 1426/1142/1132 1335/1535/1512 1425/796/791
f 1212/420/419 1215/1340/1325 1213/1409/1391
f 471/1464/1442 466/761/756 468/1536/1513
f 876/1537/1514 875/696/691 874/505/502
f 1430/1538/1515 1431/798/793 1429/1539/1516
f 1281/1479/1457 1283/1471/1449 1397/895/889
f 1435/1484/1462 1436/1526/1503 1434/1497/1475
f 1335/1535/1512 1332/1540/1517 1334/1541/1518
f 1324/506/503 1325/1542/1519 1319/1453/1431
f 1439/1289/1276 1440/1485/1463 1438/1508/1485
f 1436/1526/1503 1433/1529/1506 1430/1538/1515
f 788/1382/1365 787/270/270 786/1376/1359
f 440/638/634 1035/560/557 1038/912/904
f 1449/1543/1520 1441/1544/1521 1439/1289/1276
f 879/1086/1077 677/962/953 692/1301/1286
f 1445/1518/1495 1446/1291/1278 1444/1522/1499
f 1564/904/898 1567/1007/998 1568/1477/1455
f 514/1297/1096 298/1545/1522 296/1298/1283
f 1445/1518/1495 1287/1546/1523 1402/1516/1493
f 915/1222/1209 931/1547/1524 929/1243/1230
f 1387/1503/1480 1389/1495/1473 1388/1548/1525
f 1453/1549/1526 619/990/981 1454/1550/1527
f 1471/1551/1528 1468/503/500 1470/1552/1529
f 1546/1048/1039 1555/861/856 1554/1027/1018
f 1469/1553/1530 1478/823/818 1477/251/251
f 1462/1554/1531 633/1059/1050 1463/1073/1064
f 1502/1473/1451 1501/1474/1452 675/115/115
f 1466/834/829 1465/1555/1532 1450/835/830
f 798/1185/1173 800/1106/1097 815/1465/1443
f 1485/808/803 1495/1556/1533 1487/1557/1534
f 641/956/947 1470/1552/1529 1469/1553/1530
f 1495/1556/1533 668/1299/1284 666/326/325
f 634/1060/1051 1471/1551/1528 638/708/703
f 1493/826/821 1492/292/291 1491/291/290
f 1487/1557/1534 1486/150/150 1485/808/803
f 1475/1558/1535 1484/645/641 1483/482/481
f 1462/1554/1531 1472/504/501 1471/1551/1528
f 1475/1558/1535 647/252/252 1476/1559/1536
f 188/171/171 186/172/172 187/174/174
f 1469/1553/1530 645/253/253 641/956/947
f 1013/399/398 374/491/488 1015/490/487
f 1449/1543/1520 1442/1560/1537 1443/1179/1167
f 1359/1093/1084 1355/1004/995 1357/1091/1082
f 655/376/375 1482/1561/1538 1481/1448/1426
f 188/171/171 1141/745/740 1140/1319/1304
f 648/974/965 1483/482/481 652/484/482
f 1481/1448/1426 1480/1562/640 1479/1079/1070
f 1386/1509/1486 1383/1563/1539 1385/1510/1487
f 1338/794/789 1341/793/788 1342/1564/1540
f 888/1565/1541 887/884/878 886/220/220
f 662/325/324 1488/19/19 1487/1557/1534
f 1004/443/442 469/608/605 467/1566/1542
f 1481/1448/1426 659/18/18 655/376/375
f 1475/1558/1535 1474/813/808 1473/800/795
f 1477/251/251 1474/813/808 1476/1559/1536
f 1496/803/798 1494/1567/1543 1495/1556/1533
f 669/233/233 1494/1567/1543 1493/826/821
f 1529/1024/1015 1531/886/880 1527/985/976
f 662/325/324 1495/1556/1533 666/326/325
f 1470/1552/1529 1467/812/807 1469/1553/1530
f 837/35/35 856/1568/1544 854/1143/1133
f 631/1220/1207 622/857/852 1452/1569/1545
f 123/684/679 508/1019/1010 1066/1570/1546
f 669/233/233 1503/825/820 673/1515/1492
f 1058/1296/1282 1062/1276/1263 487/567/564
f 1455/1000/991 1458/656/652 1456/987/978
f 1456/987/978 1451/1571/1547 1454/1550/1527
f 658/1129/1119 649/958/949 653/872/867
f 1511/665/661 680/952/943 679/114/114
f 1451/1571/1547 565/832/827 563/831/826
f 1559/858/853 1556/854/849 1558/1572/1548
f 1566/565/562 1563/903/897 1565/563/560
f 1558/1572/1548 1568/1477/1455 1567/1007/998
f 1565/563/560 1457/657/653 1455/1000/991
f 1552/595/592 1562/898/892 1561/389/388
f 1522/1067/1058 1521/941/932 1520/887/881
f 1508/1012/1003 1506/464/463 1505/1573/1549
f 1547/332/331 1544/868/863 1546/1048/1039
f 1509/953/944 1507/663/659 1506/464/463
f 1553/597/594 1550/852/847 1552/595/592
f 1119/740/735 138/263/263 1120/739/734
f 919/1574/1550 917/1397/1380 916/1221/1208
f 1549/193/193 1540/960/951 1538/860/855
f 1329/1455/1433 1326/1575/1551 1328/1076/1067
f 332/403/402 998/1576/1552 453/752/747
f 1453/1549/1526 1454/1550/1527 1451/1571/1547
f 1538/860/855 1541/368/367 1539/370/369
f 1526/1180/1168 1536/1577/1553 1528/1062/1053
f 1005/313/312 356/414/413 354/1578/1554
f 1534/943/934 1533/862/857 1532/880/874
f 1554/1027/1018 1551/850/845 1553/597/594
f 1528/1062/1053 1527/985/976 1526/1180/1168
f 1512/917/909 1524/1579/1555 1515/1069/1060
f 638/708/703 1470/1552/1529 640/709/704
f 1520/887/881 1530/1023/1014 1522/1067/1058
f 1505/1573/1549 1518/1081/1072 1508/1012/1003
f 1519/287/287 1517/1445/1423 1518/1081/1072
f 1515/1069/1060 1513/847/842 1512/917/909
f 1516/1075/1066 1514/286/286 1513/847/842
f 13/17/17 2/3/3 14/2/2
f 3/1280/1267 1/1/1 2/3/3
f 702/1011/1002 700/6/6 891/5/5
f 698/1530/1507 893/4/4 700/6/6
f 29/9/9 30/1279/1266 32/7/7
f 32/7/7 31/1368/1351 27/936/927
f 27/936/927 26/8/8 32/7/7
f 102/44/44 101/12/12 91/11/11
f 94/10/10 92/106/106 91/11/11
f 6/13/13 7/28/28 8/14/14
f 9/15/15 8/14/14 14/2/2
f 11/27/27 12/16/16 8/14/14
f 13/17/17 14/2/2 8/14/14
f 659/18/18 1489/445/444 1488/19/19
f 54/21/21 50/1345/1330 49/38/38
f 49/38/38 55/22/22 54/21/21
f 38/23/23 37/46/46 54/21/21
f 1324/506/503 1327/26/26 1326/1575/1551
f 1330/24/24 1332/1540/1517 1331/25/25
f 1331/25/25 1326/1575/1551 1327/26/26
f 22/300/299 10/29/29 7/28/28
f 11/27/27 8/14/14 7/28/28
f 7/28/28 24/99/99 22/300/299
f 400/346/345 559/32/32 385/31/31
f 555/30/30 386/364/363 385/31/31
f 837/35/35 854/1143/1133 1311/701/696
f 1311/701/696 1306/33/33 837/35/35
f 15/36/36 31/1368/1351 32/7/7
f 46/56/56 47/40/40 48/39/39
f 49/38/38 50/1345/1330 48/39/39
f 48/39/39 45/70/70 46/56/56
f 627/924/915 625/43/43 779/42/42
f 624/997/988 783/41/41 625/43/43
f 102/44/44 99/108/108 100/45/45
f 37/46/46 38/23/23 39/47/47
f 70/49/49 71/73/73 67/50/50
f 25/52/52 28/69/69 29/9/9
f 112/126/126 113/55/55 114/54/54
f 115/53/53 116/1381/1364 114/54/54
f 114/54/54 111/140/140 112/126/126
f 46/56/56 62/71/71 60/1286/1273
f 60/1286/1273 51/57/57 46/56/56
f 52/58/58 47/40/40 46/56/56
f 130/59/59 129/1392/1375 5/60/60
f 88/129/129 76/64/64 73/63/63
f 77/62/62 74/84/84 73/63/63
f 73/63/63 90/125/125 88/129/129
f 56/67/67 66/74/74 57/65/65
f 65/75/75 57/65/65 66/74/74
f 25/52/52 34/1401/1346 36/68/68
f 45/70/70 61/947/938 62/71/71
f 64/72/72 63/1421/1403 71/73/73
f 66/74/74 63/1421/1403 64/72/72
f 1077/1305/1290 1078/78/78 148/77/77
f 1076/76/76 150/189/189 148/77/77
f 148/77/77 149/281/281 1077/1305/1290
f 79/1278/1265 68/80/80 80/79/79
f 69/51/51 67/50/50 68/80/80
f 132/81/81 129/1392/1375 130/59/59
f 72/83/83 73/63/63 74/84/84
f 60/1286/1273 62/71/71 59/1580/1556
f 61/947/938 56/67/67 62/71/71
f 58/66/66 59/1580/1556 62/71/71
f 1322/1285/1272 1323/88/88 1318/87/87
f 1315/86/86 1314/700/695 1318/87/87
f 1378/845/840 1379/91/91 1374/90/90
f 1370/89/89 1369/519/516 1374/90/90
f 120/92/92 116/1381/1364 115/53/53
f 115/53/53 121/93/93 120/92/92
f 104/94/94 103/117/117 120/92/92
f 82/95/95 97/105/105 95/1457/1435
f 95/1457/1435 87/96/96 82/95/95
f 23/98/98 20/1418/1400 19/130/130
f 19/130/130 24/99/99 23/98/98
f 7/28/28 6/13/13 23/98/98
f 1063/575/572 1065/574/571 118/101/101
f 119/100/100 121/93/93 115/53/53
f 115/53/53 113/55/55 118/101/101
f 118/101/101 1065/574/571 119/100/100
f 695/1070/1061 699/104/104 696/103/103
f 701/102/102 694/1080/1071 696/103/103
f 94/10/10 95/1457/1435 97/105/105
f 97/105/105 96/1425/1407 93/1373/1356
f 93/1373/1356 92/106/106 97/105/105
f 81/107/107 96/1425/1407 97/105/105
f 98/109/109 110/138/138 109/1277/1264
f 109/1277/1264 100/45/45 98/109/109
f 783/41/41 784/1043/1034 781/110/110
f 636/949/940 644/113/113 794/112/112
f 794/112/112 795/888/882 636/949/940
f 1501/1474/1452 1500/116/116 675/115/115
f 1511/665/661 679/114/114 1500/116/116
f 103/117/117 104/94/94 105/118/118
f 82/95/95 83/97/97 84/121/121
f 85/120/120 86/1432/1414 84/121/121
f 84/121/121 81/107/107 82/95/95
f 16/37/37 32/7/7 30/1279/1266
f 30/1279/1266 21/122/122 16/37/37
f 89/124/124 86/1432/1414 85/120/120
f 85/120/120 90/125/125 89/124/124
f 73/63/63 72/83/83 89/124/124
f 112/126/126 128/141/141 126/1174/1163
f 126/1174/1163 117/127/127 112/126/126
f 118/101/101 113/55/55 112/126/126
f 83/97/97 87/96/96 85/120/120
f 1053/128/128 1055/612/609 88/129/129
f 88/129/129 90/125/125 85/120/120
f 85/120/120 87/96/96 88/129/129
f 16/37/37 17/123/123 18/131/131
f 19/130/130 20/1418/1400 18/131/131
f 18/131/131 15/36/36 16/37/37
f 119/100/100 108/132/132 104/94/94
f 104/94/94 121/93/93 119/100/100
f 39/47/47 42/1270/1257 43/716/711
f 43/716/711 44/133/133 39/47/47
f 41/134/134 40/48/48 39/47/47
f 1284/1377/1360 1288/137/137 1289/136/136
f 1290/1466/1444 1291/135/135 1288/137/137
f 1289/136/136 1285/1472/1450 1284/1377/1360
f 105/118/118 108/132/132 109/1277/1264
f 109/1277/1264 110/138/138 105/118/118
f 107/139/139 106/119/119 105/118/118
f 111/140/140 127/1581/1557 128/141/141
f 1085/142/142 169/222/222 170/143/143
f 1/1/1 3/1280/1267 4/61/61
f 192/330/329 1092/147/147 185/146/146
f 1091/145/145 184/170/170 185/146/146
f 1490/148/148 579/909/902 577/149/149
f 371/151/151 367/722/717 368/152/152
f 256/197/197 252/156/156 255/155/155
f 253/154/154 254/267/267 255/155/155
f 140/305/304 133/159/159 139/158/158
f 136/157/157 138/263/263 139/158/158
f 198/160/160 197/247/247 202/161/161
f 1114/163/163 1112/1307/1292 240/164/164
f 1072/166/166 144/176/176 142/167/167
f 189/169/169 185/146/146 184/170/170
f 186/172/172 178/320/319 183/173/173
f 145/175/175 146/1582/1558 142/167/167
f 241/1197/1184 1111/842/837 242/179/179
f 1110/177/177 1108/284/284 232/178/178
f 242/179/179 1111/842/837 1110/177/177
f 1092/147/147 192/330/329 190/180/180
f 177/184/184 178/320/319 1088/801/796
f 1088/801/796 1089/182/182 177/184/184
f 1087/183/183 179/272/272 177/184/184
f 170/143/143 176/435/434 181/185/185
f 148/77/77 150/189/189 153/188/188
f 151/280/280 152/187/187 150/189/189
f 1127/190/190 1128/604/601 524/714/709
f 524/714/709 525/191/191 1127/190/190
f 529/192/192 1132/944/935 1127/190/190
f 1549/193/193 607/816/811 605/194/194
f 137/196/196 135/468/467 252/156/156
f 250/198/198 246/308/307 248/165/165
f 223/202/202 224/1312/1297 218/212/212
f 218/212/212 217/200/200 223/202/202
f 219/201/201 222/1321/1306 223/202/202
f 274/1505/1482 265/205/205 983/204/204
f 413/203/203 424/547/544 983/204/204
f 1081/820/815 1080/208/208 156/207/207
f 156/207/207 165/210/210 1081/820/815
f 1082/209/209 1081/820/815 165/210/210
f 218/212/212 224/1312/1297 228/213/213
f 165/210/210 156/207/207 162/215/215
f 166/216/216 167/945/936 163/211/211
f 1103/217/217 1101/1463/1441 211/218/218
f 1104/1263/1250 1103/217/217 219/201/201
f 219/201/201 217/200/200 1104/1263/1250
f 1330/24/24 888/1565/1541 886/220/220
f 886/220/220 885/883/877 1333/221/221
f 175/224/224 176/435/434 170/143/143
f 170/143/143 169/222/222 175/224/224
f 171/223/223 174/1311/1296 175/224/224
f 1047/227/227 1050/606/603 462/225/225
f 469/608/605 462/225/225 1050/606/603
f 1160/591/588 1159/230/230 236/229/229
f 236/229/229 235/523/520 1160/591/588
f 232/178/178 238/1320/1305 243/231/231
f 673/1515/1492 674/234/234 669/233/233
f 670/232/232 668/1299/1284 669/233/233
f 205/235/235 209/240/240 214/236/236
f 893/4/4 894/932/923 892/238/238
f 169/222/222 1085/142/142 171/223/223
f 1083/239/239 172/295/294 171/223/223
f 209/240/240 205/235/235 204/241/241
f 207/243/243 208/242/242 204/241/241
f 1095/245/245 1094/838/833 199/246/246
f 1382/250/250 1386/1509/1486 1377/248/248
f 1379/91/91 1378/845/840 1377/248/248
f 1377/248/248 1375/1456/1434 1380/249/249
f 1380/249/249 1381/934/925 1382/250/250
f 1386/1509/1486 1379/91/91 1377/248/248
f 1381/934/925 1383/1563/1539 1382/250/250
f 1477/251/251 1476/1559/1536 647/252/252
f 161/255/255 162/215/215 156/207/207
f 156/207/207 155/206/206 161/255/255
f 157/254/254 160/603/600 161/255/255
f 199/246/246 191/262/262 196/256/256
f 201/258/258 202/161/161 197/247/247
f 197/247/247 199/246/246 201/258/258
f 530/691/686 533/261/261 1133/260/260
f 1133/260/260 1134/778/773 530/691/686
f 1094/838/833 1093/181/181 191/262/262
f 191/262/262 199/246/246 1094/838/833
f 136/157/157 135/468/467 137/196/196
f 142/167/167 146/1582/1558 147/264/264
f 247/266/266 251/307/306 254/267/267
f 1074/168/168 142/167/167 143/265/265
f 1091/145/145 1090/322/321 186/172/172
f 803/271/271 802/1475/1453 785/269/269
f 785/269/269 786/1376/1359 787/270/270
f 182/273/273 177/184/184 179/272/272
f 179/272/272 180/186/186 181/185/185
f 238/1320/1305 232/178/178 231/1583/1559
f 231/1583/1559 233/274/274 237/228/228
f 237/228/228 238/1320/1305 231/1583/1559
f 1016/275/275 1018/410/409 492/276/276
f 1098/278/278 204/241/241 205/235/235
f 143/265/265 147/264/264 152/187/187
f 149/281/281 148/77/77 153/188/188
f 1109/283/283 231/1583/1559 232/178/178
f 1519/287/287 1505/1573/1549 586/837/832
f 592/285/285 591/848/843 1514/286/286
f 1519/287/287 586/837/832 592/285/285
f 163/288/211 167/1584/936 168/289/288
f 580/293/292 584/802/797 1491/291/290
f 1504/824/819 1491/291/290 584/802/797
f 171/223/223 172/295/294 173/294/293
f 164/290/289 168/289/288 173/294/293
f 173/294/293 174/1311/1296 171/223/223
f 226/298/297 234/524/521 1107/594/591
f 1107/594/591 1106/296/295 226/298/297
f 17/123/123 21/122/122 19/130/130
f 1031/299/298 1033/589/586 22/300/299
f 22/300/299 24/99/99 19/130/130
f 19/130/130 21/122/122 22/300/299
f 157/254/254 158/302/301 159/301/300
f 149/281/281 154/282/282 159/301/300
f 159/301/300 160/603/600 157/254/254
f 225/297/296 229/1323/1308 230/303/302
f 206/244/244 198/160/160 203/162/162
f 134/304/303 133/159/159 140/305/304
f 251/307/306 247/266/266 246/308/307
f 1079/309/308 1077/1305/1290 149/281/281
f 764/310/309 777/971/962 969/311/310
f 198/160/160 206/244/244 1096/323/322
f 1096/323/322 1095/245/245 198/160/160
f 474/781/776 472/315/314 473/314/313
f 1005/313/312 1006/762/757 473/314/313
f 1100/1302/1287 1099/316/315 213/237/237
f 1097/279/279 205/235/235 213/237/237
f 213/237/237 212/324/323 1100/1302/1287
f 211/218/218 210/1313/1298 215/317/316
f 248/165/165 240/164/164 245/319/318
f 178/320/319 177/184/184 182/273/273
f 240/164/164 239/1198/1185 244/321/320
f 1090/322/321 1088/801/796 178/320/319
f 1096/323/322 206/244/244 204/241/241
f 210/1313/1298 212/324/323 215/317/316
f 213/237/237 214/236/236 212/324/323
f 667/327/326 663/1249/1236 662/325/324
f 661/20/20 662/325/324 663/1249/1236
f 144/176/176 134/304/303 141/306/305
f 1071/328/327 1070/938/929 136/157/157
f 134/304/303 144/176/176 1072/166/166
f 1072/166/166 1071/328/327 134/304/303
f 185/146/146 189/169/169 193/329/328
f 190/180/180 195/1317/1302 196/256/256
f 1548/331/330 1549/193/193 1545/195/195
f 1261/335/334 1260/1202/1189 1250/333/332
f 1250/333/332 1249/911/903 1251/334/333
f 262/338/337 266/531/528 259/336/335
f 259/336/335 258/441/440 261/337/336
f 1024/339/338 979/536/533 263/340/339
f 347/344/343 343/459/458 348/342/341
f 342/527/524 348/342/341 343/459/458
f 385/31/31 387/363/362 401/345/344
f 294/349/348 300/1585/483 299/347/346
f 299/347/346 298/1586/1522 290/348/347
f 257/440/439 260/352/351 273/351/350
f 272/350/349 269/692/687 273/351/350
f 274/1505/1482 275/353/352 265/205/205
f 272/350/349 260/352/351 275/353/352
f 328/359/358 329/356/355 319/355/354
f 327/354/353 313/499/496 319/355/354
f 319/355/354 318/508/505 328/359/358
f 329/356/355 328/359/358 330/358/357
f 999/357/356 998/1576/1552 330/358/357
f 330/358/357 331/402/401 329/356/355
f 359/360/359 360/380/379 357/361/360
f 386/364/363 394/474/473 387/363/362
f 393/473/472 387/363/362 394/474/473
f 284/367/366 285/428/427 282/365/364
f 289/470/469 282/365/364 285/428/427
f 1541/368/367 1542/569/566 1543/369/368
f 316/1308/1293 317/373/372 309/372/371
f 315/371/370 305/492/489 309/372/371
f 309/372/371 308/385/384 316/1308/1293
f 655/376/375 659/18/18 660/967/958
f 660/967/958 656/374/373 655/376/375
f 297/379/378 302/488/485 301/479/478
f 301/479/478 307/377/376 297/379/378
f 306/378/377 296/1298/1283 297/379/378
f 360/380/379 365/1316/1301 369/153/153
f 369/153/153 368/152/152 360/380/379
f 381/381/380 384/477/476 378/382/381
f 309/372/371 310/386/385 308/385/384
f 992/384/383 993/1513/1490 308/385/384
f 1010/387/386 371/151/151 369/153/153
f 755/391/390 1552/595/592 1561/389/388
f 1561/389/388 1560/859/854 762/390/389
f 957/392/391 946/1233/1220 947/393/392
f 295/395/394 291/525/522 292/396/395
f 225/297/296 1106/296/295 1105/398/397
f 1013/399/398 1014/653/649 375/400/399
f 332/403/402 324/447/446 331/402/401
f 325/454/453 331/402/401 324/447/446
f 283/405/404 288/471/470 293/397/396
f 293/397/396 292/396/395 283/405/404
f 335/408/407 337/1318/1303 339/413/412
f 339/413/412 333/406/405 335/408/407
f 372/409/408 376/401/400 375/400/399
f 375/400/399 381/381/380 380/383/382
f 375/400/399 1014/653/649 1018/410/409
f 1000/411/410 1001/1587/1560 338/412/411
f 356/414/413 1005/313/312 1009/415/414
f 401/345/344 403/1322/1307 405/629/626
f 405/629/626 399/417/416 401/345/344
f 397/418/417 400/346/345 401/345/344
f 1115/419/418 1114/163/163 248/165/165
f 1212/420/419 1213/1409/1391 1221/421/420
f 390/1449/1427 391/425/424 383/424/423
f 389/423/422 379/433/432 383/424/423
f 383/424/423 382/476/475 390/1449/1427
f 366/1315/1300 362/416/415 363/426/425
f 1009/415/414 1007/1252/1239 363/426/425
f 278/517/514 277/429/428 285/428/427
f 982/1489/1467 986/427/426 277/429/428
f 270/430/429 271/494/491 267/431/430
f 378/382/381 384/477/476 379/433/432
f 383/424/423 379/433/432 384/477/476
f 1138/259/259 181/185/185 176/435/434
f 216/318/317 1149/480/479 1154/436/435
f 1161/438/437 1162/757/752 555/30/30
f 555/30/30 559/32/32 1161/438/437
f 259/336/335 260/352/351 257/440/439
f 195/1317/1302 190/180/180 194/442/441
f 192/330/329 193/329/328 194/442/441
f 338/412/411 1001/1587/1560 1004/443/442
f 1489/445/444 1490/148/148 1486/150/150
f 335/408/407 334/407/406 321/446/445
f 333/406/405 339/413/412 338/412/411
f 338/412/411 345/444/443 344/448/447
f 409/451/450 411/1309/1294 412/341/340
f 412/341/340 407/449/448 409/451/450
f 263/340/339 979/536/533 980/452/451
f 337/1318/1303 336/453/452 339/413/412
f 1002/1271/1258 1000/411/410 336/453/452
f 327/354/353 329/356/355 331/402/401
f 331/402/401 325/454/453 327/354/353
f 323/455/454 326/724/719 327/354/353
f 397/418/417 399/417/416 396/457/456
f 398/456/455 395/458/457 396/457/456
f 395/458/457 398/456/455 409/451/450
f 354/1578/1554 355/460/459 347/344/343
f 352/999/990 343/459/458 355/460/459
f 1010/387/386 1011/1588/1561 370/461/460
f 1505/1573/1549 1506/464/463 585/463/462
f 1507/663/659 587/462/461 1506/464/463
f 585/463/462 586/837/832 1505/1573/1549
f 303/465/464 305/492/489 315/371/370
f 272/350/349 275/353/352 279/516/513
f 279/516/513 270/430/429 272/350/349
f 268/432/431 269/692/687 272/350/349
f 873/695/690 889/467/466 1327/26/26
f 888/1565/1541 1330/24/24 889/467/466
f 1070/938/929 1117/469/468 135/468/467
f 135/468/467 136/157/157 1070/938/929
f 287/498/495 288/471/470 289/470/469
f 283/405/404 282/365/364 289/470/469
f 289/470/469 286/496/493 287/498/495
f 394/474/473 1019/557/554 392/472/471
f 1020/1267/1254 392/472/471 1019/557/554
f 322/475/474 323/455/454 325/454/453
f 325/454/453 324/447/446 322/475/474
f 383/424/423 384/477/476 382/476/475
f 1016/275/275 1017/1269/1256 382/476/475
f 994/478/477 992/384/383 310/386/385
f 301/479/478 990/487/484 994/478/477
f 1149/480/479 1150/1014/1005 547/690/685
f 547/690/685 550/481/480 1149/480/479
f 1483/482/481 1482/1589/1538 654/483/374
f 300/485/483 302/488/485 297/379/378
f 300/485/483 991/489/486 302/488/485
f 990/487/484 301/479/478 302/488/485
f 370/461/460 1011/1588/1561 1015/490/487
f 304/493/490 310/386/385 305/492/489
f 309/372/371 305/492/489 310/386/385
f 307/377/376 310/386/385 304/493/490
f 407/449/448 412/341/340 263/340/339
f 263/340/339 262/338/337 261/337/336
f 271/494/491 278/517/514 285/428/427
f 285/428/427 284/367/366 271/494/491
f 987/495/492 988/907/901 294/349/348
f 285/428/427 986/427/426 286/496/493
f 984/1257/1244 286/496/493 986/427/426
f 288/471/470 287/498/495 293/397/396
f 985/1256/1243 989/497/494 287/498/495
f 1018/410/409 1016/275/275 384/477/476
f 312/501/498 320/509/506 313/499/496
f 319/355/354 313/499/496 320/509/506
f 572/502/499 570/1306/1291 1468/503/500
f 282/365/364 283/405/404 280/404/403
f 1324/506/503 876/1537/1514 874/505/502
f 874/505/502 873/695/690 1327/26/26
f 319/355/354 320/509/506 318/508/505
f 995/507/504 996/1261/1248 318/508/505
f 403/1322/1307 402/512/509 404/511/508
f 1023/510/507 1022/1260/1247 404/511/508
f 404/511/508 405/629/626 403/1322/1307
f 372/409/408 373/688/683 374/491/488
f 1226/513/510 1217/1420/1402 1218/514/511
f 277/429/428 278/517/514 279/516/513
f 271/494/491 270/430/429 279/516/513
f 279/516/513 276/1504/1481 277/429/428
f 1366/1493/1471 1367/520/517 1369/519/516
f 1368/518/515 1373/1110/1101 1374/90/90
f 1369/519/516 1370/89/89 1371/1590/1562
f 1368/518/515 1374/90/90 1369/519/516
f 1372/774/769 1366/1493/1471 1369/519/516
f 1369/519/516 1371/1590/1562 1372/774/769
f 189/169/169 1139/522/519 193/329/328
f 1143/521/518 194/442/441 193/329/328
f 233/274/274 234/524/521 235/523/520
f 226/298/297 230/303/302 235/523/520
f 235/523/520 236/229/229 233/274/274
f 295/395/394 294/349/348 290/348/347
f 362/416/415 361/530/527 349/526/523
f 342/527/524 343/459/458 340/528/525
f 361/530/527 362/416/415 359/360/359
f 366/1315/1300 359/360/359 362/416/415
f 264/532/529 265/205/205 266/531/528
f 260/352/351 259/336/335 266/531/528
f 262/338/337 980/452/451 264/532/529
f 978/1262/1249 264/532/529 980/452/451
f 345/444/443 1004/443/442 346/343/342
f 1003/1259/1246 346/343/342 1004/443/442
f 432/1531/1508 438/534/531 429/533/530
f 989/497/494 985/1256/1243 429/533/530
f 1024/339/338 509/1400/1383 416/535/532
f 414/539/536 978/1262/1249 980/452/451
f 980/452/451 417/537/534 414/539/536
f 1042/542/539 447/610/607 451/540/537
f 450/549/546 451/540/537 447/610/607
f 502/545/542 1022/1260/1247 1023/510/507
f 1023/510/507 504/543/540 502/545/542
f 505/544/541 503/614/611 502/545/542
f 413/203/203 419/628/625 425/546/543
f 426/598/595 425/546/543 419/628/625
f 441/654/650 443/550/547 450/549/546
f 445/548/545 451/540/537 450/549/546
f 450/549/546 449/609/606 441/654/650
f 421/626/623 422/553/550 423/552/549
f 427/551/548 428/588/585 423/552/549
f 423/552/549 420/578/575 421/626/623
f 1068/556/553 509/1400/1383 512/554/551
f 511/1020/1011 512/554/551 509/1400/1383
f 496/662/658 494/559/556 495/558/555
f 1020/1267/1254 1019/557/554 494/559/556
f 1035/560/557 437/587/584 436/561/558
f 1565/563/560 772/1001/992 771/564/561
f 1036/566/563 1034/562/559 436/561/558
f 1018/410/409 1014/653/649 487/567/564
f 733/1053/1044 1542/569/566 734/568/565
f 1541/368/367 736/961/952 734/568/565
f 483/570/567 1010/387/386 1012/388/387
f 1032/1275/1262 1036/566/563 435/572/569
f 438/534/531 432/1531/1508 435/572/569
f 1063/575/572 495/558/555 499/573/570
f 498/601/598 499/573/570 495/558/555
f 1015/490/487 1011/1588/1561 484/576/573
f 433/579/576 986/427/426 420/578/575
f 982/1489/1467 420/578/575 986/427/426
f 1009/415/414 1005/313/312 472/315/314
f 1040/1282/1269 445/548/545 1039/582/579
f 443/550/547 442/581/578 445/548/545
f 984/1257/1244 986/427/426 430/583/580
f 433/579/576 431/1532/1509 430/583/580
f 454/586/583 998/1576/1552 999/357/356
f 999/357/356 456/584/581 454/586/583
f 457/585/582 455/646/642 454/586/583
f 437/587/584 988/907/901 987/495/492
f 484/576/573 1011/1588/1561 1010/387/386
f 1029/893/887 1033/589/586 428/588/585
f 433/579/576 423/552/549 428/588/585
f 1057/590/587 1056/650/646 483/570/567
f 1160/591/588 554/676/671 553/592/589
f 498/601/598 495/558/555 497/593/590
f 1019/557/554 1021/1268/1255 497/593/590
f 233/274/274 231/1583/1559 1109/283/283
f 1109/283/283 1107/594/591 233/274/274
f 436/561/558 987/495/492 989/497/494
f 1552/595/592 755/391/390 756/596/593
f 427/551/548 422/553/550 425/546/543
f 425/546/543 426/598/595 427/551/548
f 1030/599/596 1028/894/888 427/551/548
f 489/649/645 491/602/599 498/601/598
f 493/600/597 499/573/570 498/601/598
f 498/601/598 497/593/590 489/649/645
f 1129/743/738 1128/604/601 160/603/600
f 160/603/600 159/301/300 1129/743/738
f 992/384/383 994/478/477 444/605/602
f 468/1536/1513 469/608/605 470/607/604
f 1050/606/603 1049/725/720 470/607/604
f 450/549/546 447/610/607 449/609/606
f 995/507/504 997/1512/1489 449/609/606
f 1000/411/410 1002/1271/1258 463/611/608
f 463/611/608 464/751/746 461/226/226
f 478/792/787 480/580/577 481/613/610
f 1055/612/609 1053/128/128 481/613/610
f 1066/1570/1546 507/616/613 506/615/612
f 503/614/611 505/544/541 506/615/612
f 506/615/612 1067/1175/1164 1066/1570/1546
f 1047/227/227 461/226/226 465/617/614
f 464/751/746 465/617/614 461/226/226
f 959/619/616 961/312/311 962/620/617
f 418/624/621 415/538/535 417/537/534
f 417/537/534 1027/622/619 418/624/621
f 434/625/622 431/1532/1509 433/579/576
f 433/579/576 1033/589/586 434/625/622
f 421/626/623 981/1490/1468 983/204/204
f 983/204/204 424/547/544 421/626/623
f 425/546/543 422/553/550 421/626/623
f 411/1309/1294 410/627/624 412/341/340
f 1025/1258/1245 1024/339/338 410/627/624
f 414/539/536 415/538/535 413/203/203
f 418/624/621 419/628/625 415/538/535
f 444/605/602 1041/636/633 1039/582/579
f 404/511/508 406/630/627 405/629/626
f 398/456/455 399/417/416 405/629/626
f 980/452/451 979/536/533 416/535/532
f 452/632/629 448/766/761 447/610/607
f 447/610/607 1042/542/539 452/632/629
f 500/634/631 496/662/658 495/558/555
f 495/558/555 1063/575/572 500/634/631
f 444/605/602 439/661/657 1037/635/632
f 991/637/486 988/907/901 437/587/584
f 448/766/761 446/639/635 447/610/607
f 996/1261/1248 995/507/504 446/639/635
f 1316/1483/1461 1412/1335/1320 1309/642/638
f 1414/1533/1510 1310/640/636 1412/1335/1320
f 1305/1591/1174 1308/641/637 1310/640/636
f 1309/642/638 1412/1335/1320 1310/640/636
f 1308/641/637 1307/1016/1007 1309/642/638
f 576/643/639 575/874/868 1480/644/640
f 1045/1281/1268 459/648/644 458/647/643
f 455/646/642 457/585/582 458/647/643
f 458/647/643 1046/1287/1274 1045/1281/1268
f 491/602/599 489/649/645 490/277/277
f 1017/1269/1256 1016/275/275 489/649/645
f 1056/650/646 1059/1295/1281 484/576/573
f 488/577/574 484/576/573 1059/1295/1281
f 493/600/597 491/602/599 490/277/277
f 490/277/277 1060/651/647 493/600/597
f 1013/399/398 486/1447/1425 487/567/564
f 443/550/547 441/654/650 442/581/578
f 993/1513/1490 992/384/383 441/654/650
f 567/655/651 565/832/827 1458/656/652
f 1451/1571/1547 1458/656/652 565/832/827
f 1457/657/653 566/939/930 567/655/651
f 542/677/672 1144/660/656 541/659/655
f 1145/658/654 543/726/721 541/659/655
f 994/478/477 990/487/484 439/661/657
f 494/559/556 496/662/658 505/544/541
f 500/634/631 506/615/612 505/544/541
f 505/544/541 504/543/540 494/559/556
f 1511/665/661 1500/116/116 1497/841/836
f 1497/841/836 1507/663/659 1511/665/661
f 1004/443/442 1001/1587/1560 462/225/225
f 462/225/225 1001/1587/1560 1000/411/410
f 479/791/786 485/571/568 476/666/662
f 1012/388/387 1008/1251/1238 476/666/662
f 440/667/634 1038/1294/904 1037/635/632
f 408/450/449 562/756/751 558/668/663
f 558/668/663 557/765/760 396/457/456
f 396/457/456 395/458/457 558/668/663
f 562/756/751 408/450/449 561/669/664
f 407/449/448 560/738/733 561/669/664
f 1116/672/667 1117/469/468 615/670/665
f 614/905/899 615/670/665 1117/469/468
f 292/396/395 526/674/669 280/404/403
f 522/673/668 281/366/365 280/404/403
f 548/675/670 545/679/674 349/526/523
f 350/998/989 349/526/523 545/679/674
f 378/382/381 553/592/589 554/676/671
f 358/362/361 547/690/685 548/675/670
f 340/528/525 353/1331/1316 542/677/672
f 542/677/672 541/659/655 341/529/526
f 353/1331/1316 546/680/675 542/677/672
f 546/680/675 353/1331/1316 351/678/673
f 351/678/673 350/998/989 545/679/674
f 13/17/17 12/16/16 1030/599/596
f 1030/599/596 426/598/595 419/628/625
f 419/628/625 2/3/3 1030/599/596
f 722/681/676 719/822/817 718/682/677
f 122/686/681 132/81/81 123/684/679
f 131/82/82 123/684/679 132/81/81
f 372/409/408 551/732/727 552/687/682
f 554/676/671 551/732/727 372/409/408
f 555/30/30 556/718/713 388/689/684
f 368/152/152 550/481/480 357/361/360
f 547/690/685 358/362/361 357/361/360
f 314/466/465 533/261/261 303/465/464
f 530/691/686 304/493/490 303/465/464
f 521/694/689 273/351/350 269/692/687
f 269/692/687 268/432/431 520/693/688
f 890/697/692 889/467/466 873/695/690
f 873/695/690 874/505/502 875/696/691
f 539/699/694 540/775/770 334/407/406
f 334/407/406 333/406/405 539/699/694
f 1313/702/697 1317/1592/1563 1318/87/87
f 1314/700/695 1312/1015/1006 1311/701/696
f 1313/702/697 1318/87/87 1314/700/695
f 344/448/447 544/1332/1317 538/703/698
f 538/703/698 537/698/693 333/406/405
f 334/407/406 540/775/770 535/704/699
f 535/704/699 534/744/739 322/475/474
f 322/475/474 321/446/445 535/704/699
f 523/705/700 520/693/688 267/431/430
f 268/432/431 267/431/430 520/693/688
f 298/1586/1522 513/706/701 290/348/347
f 529/192/192 525/191/191 513/706/701
f 513/706/701 528/1446/1424 529/192/192
f 642/707/702 639/948/939 638/708/703
f 532/710/705 533/261/261 314/466/465
f 1116/672/667 1115/419/418 247/266/266
f 247/266/266 253/154/154 1116/672/667
f 769/1010/1001 768/713/708 759/712/707
f 757/711/706 758/1018/1009 759/712/707
f 524/714/709 526/674/669 292/396/395
f 33/715/710 44/133/133 43/716/711
f 388/689/684 556/718/713 377/434/433
f 553/592/589 378/382/381 377/434/433
f 397/418/417 396/457/456 557/765/760
f 557/765/760 559/32/32 397/418/417
f 516/719/714 515/784/779 258/441/440
f 258/441/440 257/440/439 516/719/714
f 273/351/350 521/694/689 516/719/714
f 304/493/490 530/691/686 531/720/715
f 281/366/365 522/673/668 523/705/700
f 549/721/716 550/481/480 368/152/152
f 326/724/719 536/723/718 311/500/497
f 532/710/705 312/501/498 311/500/497
f 323/455/454 322/475/474 534/744/739
f 534/744/739 536/723/718 323/455/454
f 1049/725/720 1050/606/603 70/49/49
f 525/191/191 524/714/709 291/525/522
f 344/448/447 341/529/526 543/726/721
f 543/726/721 544/1332/1317 344/448/447
f 1060/651/647 108/132/132 1061/652/648
f 119/100/100 1065/574/571 1061/652/648
f 499/573/570 493/600/597 1061/652/648
f 1061/652/648 108/132/132 119/100/100
f 1142/727/722 1143/521/518 537/698/693
f 539/699/694 537/698/693 1143/521/518
f 604/728/723 602/1439/1420 1539/370/369
f 521/694/689 520/693/688 1122/729/724
f 1157/731/726 552/687/682 551/732/727
f 553/592/589 556/718/713 1158/735/730
f 1158/735/730 1159/230/230 553/592/589
f 1153/736/731 1154/436/435 550/481/480
f 518/1292/1279 1120/739/734 560/738/733
f 1167/737/732 561/669/664 560/738/733
f 518/1292/1279 519/741/736 1120/739/734
f 517/1470/1448 1119/740/735 519/741/736
f 1124/742/737 1125/777/772 522/673/668
f 522/673/668 526/674/669 1124/742/737
f 1128/604/601 1129/743/738 526/674/669
f 534/744/739 1140/1319/1304 1141/745/740
f 1147/869/864 545/679/674 1146/746/741
f 548/675/670 1151/1013/1004 1146/746/741
f 746/1026/1017 750/749/744 747/748/743
f 752/747/742 745/977/968 747/748/743
f 463/611/608 453/752/747 464/751/746
f 460/750/745 465/617/614 464/751/746
f 527/1593/1095 531/720/715 1130/754/749
f 1130/754/749 1131/1310/1295 527/1593/1095
f 558/668/663 562/756/751 1164/755/750
f 561/669/664 1167/737/732 562/756/751
f 1162/757/752 1163/734/729 556/718/713
f 1144/660/656 542/677/672 546/680/675
f 952/759/754 950/1219/1206 760/760/755
f 354/1578/1554 347/344/343 1006/762/757
f 466/761/756 473/314/313 1006/762/757
f 1136/763/758 1137/779/774 532/710/705
f 532/710/705 536/723/718 1136/763/758
f 1122/729/724 520/693/688 1121/764/759
f 523/705/700 1126/776/771 1121/764/759
f 1164/755/750 1165/1325/1310 557/765/760
f 446/639/635 448/766/761 457/585/582
f 452/632/629 458/647/643 457/585/582
f 457/585/582 456/584/581 446/639/635
f 1051/769/764 472/315/314 475/767/762
f 474/781/776 475/767/762 472/315/314
f 155/206/206 1080/208/208 157/254/254
f 1079/309/308 158/302/301 157/254/254
f 1139/522/519 1140/1319/1304 534/744/739
f 1152/770/765 1153/736/731 549/721/716
f 549/721/716 552/687/682 1152/770/765
f 551/732/727 554/676/671 1155/771/766
f 1155/771/766 1156/733/728 551/732/727
f 1366/1493/1471 1372/774/769 1362/773/768
f 1364/772/767 1363/1467/1445 1362/773/768
f 535/704/699 540/775/770 1139/522/519
f 539/699/694 1143/521/518 540/775/770
f 1126/776/771 523/705/700 522/673/668
f 1135/753/748 531/720/715 530/691/686
f 1137/779/774 1138/259/259 533/261/261
f 1118/780/775 516/719/714 521/694/689
f 1027/622/619 417/537/534 416/535/532
f 416/535/532 509/1400/1383 1068/556/553
f 557/765/760 1165/1325/1310 1166/439/438
f 466/761/756 471/1464/1442 474/781/776
f 475/767/762 474/781/776 471/1464/1442
f 705/955/946 712/783/778 704/782/777
f 699/104/104 695/1070/1061 704/782/777
f 516/719/714 1118/780/775 515/784/779
f 1119/740/735 517/1470/1448 515/784/779
f 897/785/780 894/932/923 902/786/781
f 1499/790/785 1504/824/819 584/802/797
f 584/802/797 582/788/783 1499/790/785
f 1106/296/295 602/1439/1420 604/728/723
f 477/1250/1237 478/792/787 479/791/786
f 481/613/610 482/1507/1484 479/791/786
f 479/791/786 476/666/662 477/1250/1237
f 1333/221/221 1337/795/790 1338/794/789
f 1340/1459/1437 1341/793/788 1337/795/790
f 1338/794/789 1334/1541/1518 1333/221/221
f 1429/1539/1516 1431/798/793 1350/797/792
f 1425/796/791 1342/1564/1540 1350/797/792
f 1350/797/792 1349/1500/1477 1429/1539/1516
f 1484/645/641 1473/800/795 576/643/639
f 1474/813/808 573/799/794 1473/800/795
f 580/293/292 1089/182/182 1088/801/796
f 1088/801/796 1090/322/321 584/802/797
f 584/802/797 1090/322/321 1091/145/145
f 1496/803/798 581/809/804 580/293/292
f 568/806/801 1460/1435/1417 1461/804/799
f 1461/804/799 1466/834/829 569/805/800
f 578/807/802 581/809/804 1496/803/798
f 389/423/422 391/425/424 394/474/473
f 394/474/473 386/364/363 389/423/422
f 578/807/802 577/149/149 1084/144/144
f 1084/144/144 1086/810/805 581/809/804
f 577/149/149 1085/142/142 1084/144/144
f 1087/183/183 1089/182/182 580/293/292
f 580/293/292 581/809/804 1087/183/183
f 1468/503/500 570/1306/1291 571/811/806
f 1474/813/808 1478/823/818 574/814/809
f 1472/504/501 1459/815/810 572/502/499
f 1460/1435/1417 568/806/801 1459/815/810
f 607/816/811 1107/594/591 1109/283/283
f 771/564/561 776/1003/994 778/817/812
f 778/817/812 766/970/961 770/818/813
f 763/973/964 770/818/813 766/970/961
f 1116/672/667 616/671/666 612/819/814
f 612/819/814 611/899/893 1115/419/418
f 1081/820/815 576/643/639 573/799/794
f 1073/268/268 1075/827/822 572/502/499
f 572/502/499 568/806/801 1073/268/268
f 578/807/802 1485/808/803 1486/150/150
f 714/821/816 716/1022/1013 719/822/817
f 571/811/806 574/814/809 1478/823/818
f 1493/826/821 1491/291/290 1504/824/819
f 1504/824/819 1499/790/785 1502/1473/1451
f 1502/1473/1451 1503/825/820 1504/824/819
f 573/799/794 574/814/809 1079/309/308
f 1076/76/76 1075/827/822 151/280/280
f 1073/268/268 143/265/265 151/280/280
f 151/280/280 150/189/189 1076/76/76
f 454/586/583 455/646/642 453/752/747
f 459/648/644 460/750/745 455/646/642
f 923/830/825 931/1547/1524 918/828/823
f 918/828/823 917/1397/1380 914/829/824
f 565/832/827 567/655/651 1070/938/929
f 1070/938/929 1071/328/327 565/832/827
f 564/833/828 569/805/800 1466/834/829
f 1115/419/418 611/899/893 613/836/831
f 1094/838/833 592/285/285 586/837/832
f 586/837/832 585/463/462 1093/181/181
f 371/151/151 370/461/460 367/722/717
f 374/491/488 373/688/683 370/461/460
f 1071/328/327 1072/166/166 564/833/828
f 569/805/800 564/833/828 1072/166/166
f 1507/663/659 1497/841/836 588/840/835
f 588/840/835 587/462/461 1507/663/659
f 610/844/839 1110/177/177 1111/842/837
f 1111/842/837 1113/1594/1564 608/843/838
f 1373/1110/1101 1376/846/841 1378/845/840
f 1375/1456/1434 1377/248/248 1376/846/841
f 1378/845/840 1374/90/90 1373/1110/1101
f 589/849/844 590/915/907 1512/917/909
f 1512/917/909 1513/847/842 589/849/844
f 1514/286/286 591/848/843 1513/847/842
f 1551/850/845 608/843/838 609/851/846
f 1557/853/848 611/899/893 612/819/814
f 619/990/981 622/857/852 620/856/851
f 623/855/850 621/991/982 620/856/851
f 1560/859/854 1561/389/388 1562/898/892
f 1562/898/892 1557/853/848 1560/859/854
f 1538/860/855 603/878/872 607/816/811
f 1555/861/856 610/844/839 608/843/838
f 1533/862/857 1537/1215/1202 601/863/858
f 593/866/861 1098/278/278 1097/279/279
f 1097/279/279 1099/316/315 598/984/975
f 598/984/975 594/865/860 1097/279/279
f 1545/195/195 605/194/194 606/867/862
f 546/680/675 545/679/674 1147/869/864
f 1253/1361/1345 1254/871/866 1251/334/333
f 1262/870/865 1259/1203/1190 1261/335/334
f 1261/335/334 1251/334/333 1262/870/865
f 653/872/867 652/484/482 654/483/374
f 575/874/868 576/643/639 1081/820/815
f 1272/1341/1326 1273/877/871 1270/876/870
f 1279/875/869 1276/1396/1379 1278/1390/1373
f 1278/1390/1373 1270/876/870 1279/875/869
f 602/1439/1420 1106/296/295 603/878/872
f 1107/594/591 607/816/811 603/878/872
f 600/879/873 604/728/723 1543/369/368
f 951/881/875 953/1218/1205 956/882/876
f 345/444/443 348/342/341 342/527/524
f 342/527/524 341/529/526 344/448/447
f 1103/217/217 1104/1263/1250 599/864/859
f 900/885/879 899/1478/1456 885/883/877
f 885/883/877 886/220/220 887/884/878
f 594/865/860 598/984/975 1531/886/880
f 795/888/882 797/1100/1091 793/889/883
f 492/276/276 1062/1276/1263 1060/651/647
f 960/621/618 962/620/617 965/891/885
f 11/27/27 10/29/29 1029/893/887
f 1029/893/887 428/588/585 1028/894/888
f 1028/894/888 1030/599/596 12/16/16
f 428/588/585 427/551/548 1028/894/888
f 12/16/16 11/27/27 1028/894/888
f 315/371/370 317/373/372 320/509/506
f 320/509/506 312/501/498 315/371/370
f 1390/1481/1459 1394/897/891 1395/896/890
f 1396/1480/1458 1397/895/889 1394/897/891
f 1395/896/890 1391/1496/1474 1390/1481/1459
f 1562/898/892 613/836/831 611/899/893
f 1416/900/894 1423/1595/1240 1424/901/895
f 1520/887/881 1521/941/932 593/866/861
f 614/905/899 566/939/930 1563/903/897
f 1457/657/653 1563/903/897 566/939/930
f 1564/904/898 615/670/665 614/905/899
f 754/906/900 1554/1027/1018 1553/597/594
f 465/617/614 460/750/745 1048/618/615
f 57/65/65 65/75/75 1048/618/615
f 991/637/486 300/1585/483 294/349/348
f 1082/908/209 1083/239/239 579/909/902
f 102/44/44 1252/1424/1406 1249/911/903
f 28/69/69 36/68/68 1038/912/904
f 680/952/943 681/914/906 679/114/114
f 683/1017/1008 682/913/905 681/914/906
f 590/915/907 595/1288/1275 1525/916/908
f 36/918/68 34/1362/1346 33/715/710
f 1205/1596/1412 1197/1597/1349 1216/921/912
f 1193/1598/1350 1185/1599/1401 1178/919/910
f 1178/919/910 1173/1600/1212 1279/1601/869
f 1279/1601/869 1273/1602/871 1178/919/910
f 1268/1603/1342 1262/1604/865 1273/1602/871
f 1254/1605/866 1248/1606/1358 1240/1607/1390
f 1240/1607/1390 1233/920/911 1254/1605/866
f 1228/1608/1318 1222/1609/1319 1216/921/912
f 1216/921/912 1211/1610/1336 1205/1596/1412
f 1197/1597/1349 1193/1598/1350 1178/919/910
f 1178/919/910 1273/1602/871 1254/1605/866
f 1262/1604/865 1254/1605/866 1273/1602/871
f 1233/920/911 1228/1608/1318 1216/921/912
f 1216/921/912 1197/1597/1349 1178/919/910
f 1178/919/910 1254/1605/866 1233/920/911
f 628/922/913 629/989/980 630/923/914
f 627/924/915 630/923/914 626/925/916
f 1294/928/919 815/1465/1443 811/926/917
f 811/926/917 810/1118/1109 1296/927/918
f 724/931/922 723/1038/1029 1536/1577/1553
f 1536/1577/1553 1535/929/920 724/931/922
f 900/885/879 892/238/238 894/932/923
f 957/392/391 955/935/926 1381/934/925
f 954/1303/1288 1384/933/924 955/935/926
f 1381/934/925 1380/249/249 957/392/391
f 25/52/52 26/8/8 1186/937/928
f 27/936/927 1188/1416/1398 1186/937/928
f 1186/937/928 1187/1274/1261 25/52/52
f 567/655/651 566/939/930 1070/938/929
f 614/905/899 1117/469/468 566/939/930
f 1523/940/931 1524/1579/1555 1525/916/908
f 725/942/933 726/930/921 1535/929/920
f 1132/944/935 1131/1611/1295 167/945/936
f 1214/946/937 1212/420/419 56/67/67
f 639/948/939 644/113/113 636/949/940
f 1510/664/660 1509/953/944 680/952/943
f 685/951/942 681/914/906 680/952/943
f 76/64/64 1051/769/764 77/62/62
f 1052/768/763 78/1462/1440 77/62/62
f 1524/1579/1555 1523/940/931 705/955/946
f 705/955/946 704/782/777 1524/1579/1555
f 641/956/947 645/253/253 646/957/948
f 646/957/948 642/707/702 641/956/947
f 646/957/948 645/253/253 647/252/252
f 1042/542/539 1044/541/538 52/58/58
f 53/959/950 55/22/22 49/38/38
f 49/38/38 47/40/40 52/58/58
f 52/58/58 1044/541/538 53/959/950
f 1540/960/951 735/1040/1031 736/961/952
f 674/234/234 676/1300/1285 677/962/953
f 1448/1612/1565 1449/1543/1520 1447/1517/1494
f 1447/1517/1494 1403/964/955 1448/1612/1565
f 1411/965/956 1410/1173/1162 1405/966/957
f 1405/966/957 1404/902/896 1442/1560/1537
f 1448/1612/1565 1403/964/955 1405/966/957
f 1405/966/957 1442/1560/1537 1448/1612/1565
f 1116/672/667 253/154/154 252/156/156
f 600/879/873 599/864/859 1104/1263/1250
f 1104/1263/1250 1105/398/397 600/879/873
f 660/967/958 665/1113/1104 657/968/959
f 650/969/960 651/1135/1125 646/957/948
f 778/817/812 777/971/962 766/970/961
f 764/310/309 765/972/963 766/970/961
f 763/973/964 766/970/961 765/972/963
f 765/972/963 767/1064/1055 762/390/389
f 652/484/482 653/872/867 648/974/965
f 649/958/949 647/252/252 648/974/965
f 924/975/966 925/1192/1179 923/830/825
f 1559/858/853 1558/1572/1548 763/973/964
f 763/973/964 762/390/389 1559/858/853
f 1548/331/330 1547/332/331 745/977/968
f 745/977/968 744/1041/1032 1548/331/330
f 703/978/969 689/994/985 684/979/970
f 1297/1031/1022 1296/927/918 1301/983/974
f 1300/981/972 1302/1188/1175 1303/982/973
f 1301/983/974 1296/927/918 1300/981/972
f 598/984/975 596/1181/1169 1527/985/976
f 1544/868/863 606/867/862 610/844/839
f 618/986/977 1455/1000/991 1456/987/978
f 629/989/980 618/986/977 617/988/979
f 620/856/851 617/988/979 619/990/981
f 1456/987/978 1454/1550/1527 619/990/981
f 621/991/982 626/925/916 630/923/914
f 630/923/914 617/988/979 621/991/982
f 686/992/983 687/995/986 688/993/984
f 687/995/986 690/1087/1078 691/996/987
f 625/43/43 626/925/916 624/997/988
f 621/991/982 623/855/850 626/925/916
f 355/460/459 356/414/413 352/999/990
f 350/998/989 351/678/673 352/999/990
f 356/414/413 349/526/523 352/999/990
f 1455/1000/991 618/986/977 772/1001/992
f 774/1002/993 772/1001/992 618/986/977
f 776/1003/994 771/564/561 772/1001/992
f 1347/1486/1464 1351/1006/997 1352/1005/996
f 1354/1492/1470 1355/1004/995 1351/1006/997
f 1352/1005/996 1348/1502/1479 1347/1486/1464
f 1566/565/562 771/564/561 770/818/813
f 1238/1009/1000 89/124/124 72/83/83
f 72/83/83 75/85/85 1229/1008/999
f 762/390/389 767/1064/1055 769/1010/1001
f 769/1010/1001 759/712/707 755/391/390
f 702/1011/1002 686/992/983 689/994/985
f 700/6/6 702/1011/1002 703/978/969
f 684/979/970 685/951/942 1509/953/944
f 1151/1013/1004 548/675/670 547/690/685
f 1306/33/33 1311/701/696 1307/1016/1007
f 1307/1016/1007 1308/641/637 1306/33/33
f 685/951/942 688/993/984 683/1017/1008
f 691/996/987 683/1017/1008 688/993/984
f 760/760/755 761/1028/1019 758/1018/1009
f 510/1399/1382 501/1021/1012 511/1020/1011
f 508/1019/1010 512/554/551 511/1020/1011
f 716/1022/1013 714/821/816 1530/1023/1014
f 758/1018/1009 756/596/593 755/391/390
f 722/681/676 710/1037/1028 706/1025/1016
f 746/1026/1017 1546/1048/1039 1554/1027/1018
f 750/749/744 746/1026/1017 754/906/900
f 1295/1460/1438 1297/1031/1022 1298/1030/1021
f 1301/983/974 1304/1029/1020 1297/1031/1022
f 1298/1030/1021 1299/1520/1497 1295/1460/1438
f 1304/1029/1020 1406/1304/1289 1298/1030/1021
f 717/1032/1023 718/682/677 719/822/817
f 728/1034/1025 730/1241/1228 731/1039/1030
f 731/1039/1030 729/1035/1026 728/1034/1025
f 721/683/678 708/1045/1036 710/1037/1028
f 682/913/905 676/1300/1285 675/115/115
f 731/1039/1030 720/1033/1024 723/1038/1029
f 715/1061/1052 723/1038/1029 720/1033/1024
f 735/1040/1031 1540/960/951 1548/331/330
f 488/577/574 486/1447/1425 1013/399/398
f 791/1042/1033 781/110/110 784/1043/1034
f 709/1044/1035 711/1217/1204 712/783/778
f 712/783/778 710/1037/1028 709/1044/1035
f 749/1046/1037 751/1208/1195 752/747/742
f 752/747/742 750/749/744 749/1046/1037
f 1550/852/847 609/851/846 613/836/831
f 1546/1048/1039 746/1026/1017 747/748/743
f 845/1051/1042 856/1568/1544 840/1049/1040
f 840/1049/1040 839/1154/1143 836/1151/1141
f 836/1151/1141 835/1050/1041 840/1049/1040
f 745/977/968 752/747/742 744/1041/1032
f 740/1052/1043 735/1040/1031 744/1041/1032
f 1534/943/934 1542/569/566 733/1053/1044
f 738/1054/1045 739/1353/1337 740/1052/1043
f 752/747/742 751/1208/1195 753/1056/1047
f 753/1056/1047 737/1055/1046 740/1052/1043
f 742/1057/1048 727/1036/1027 729/1035/1026
f 634/1060/1051 638/708/703 639/948/939
f 639/948/939 635/950/941 634/1060/1051
f 720/1033/1024 719/822/817 716/1022/1013
f 1528/1062/1053 1536/1577/1553 723/1038/1029
f 725/942/933 729/1035/1026 726/930/921
f 731/1039/1030 724/931/922 726/930/921
f 712/783/778 711/1217/1204 713/1063/1054
f 713/1063/1054 697/1246/1233 699/104/104
f 765/972/963 764/310/309 767/1064/1055
f 768/713/708 769/1010/1001 767/1064/1055
f 715/1061/1052 716/1022/1013 1529/1024/1015
f 636/949/940 795/888/882 792/890/884
f 871/1066/1057 869/1095/1086 678/963/954
f 1522/1067/1058 1530/1023/1014 714/821/816
f 706/1025/1016 710/1037/1028 707/954/945
f 712/783/778 705/955/946 707/954/945
f 739/1353/1337 738/1054/1045 741/1068/1059
f 742/1057/1048 743/1058/1049 741/1068/1059
f 748/1047/1038 750/749/744 761/1028/1019
f 502/545/542 503/614/611 501/1021/1012
f 507/616/613 508/1019/1010 503/614/611
f 1515/1069/1060 1524/1579/1555 704/782/777
f 743/1058/1049 729/1035/1026 725/942/933
f 725/942/933 733/1053/1044 743/1058/1049
f 734/568/565 741/1068/1059 743/1058/1049
f 991/489/486 440/667/634 439/661/657
f 37/46/46 40/48/48 1198/1071/1062
f 41/134/134 1200/1429/1411 1198/1071/1062
f 1198/1071/1062 1199/1386/1369 37/46/46
f 763/973/964 1558/1572/1548 1567/1007/998
f 633/1059/1050 631/1220/1207 1464/1072/1063
f 1465/1555/1532 1464/1072/1063 631/1220/1207
f 731/1039/1030 730/1241/1228 732/1074/1065
f 732/1074/1065 717/1032/1023 720/1033/1024
f 695/1070/1061 696/103/103 1516/1075/1066
f 1426/1142/1132 1419/1078/1069 1336/1077/1068
f 1336/1077/1068 1335/1535/1512 1426/1142/1132
f 1480/1562/640 575/910/868 1479/1079/1070
f 579/909/902 1490/148/148 1479/1079/1070
f 701/102/102 703/978/969 693/980/971
f 1508/1012/1003 1518/1081/1072 693/980/971
f 1518/1081/1072 1517/1445/1423 694/1080/1071
f 773/1082/1073 774/1002/993 629/989/980
f 775/1083/1074 776/1003/994 774/1002/993
f 777/971/962 778/817/812 776/1003/994
f 627/924/915 779/42/42 780/1084/1075
f 692/1301/1286 690/1087/1078 879/1086/1077
f 687/995/986 882/1085/1076 690/1087/1078
f 779/42/42 781/110/110 782/1088/1079
f 879/1086/1077 882/1085/1076 884/1089/1080
f 1480/644/640 1482/1589/1538 1483/482/481
f 880/1090/1081 884/1089/1080 887/884/878
f 1349/1500/1477 1359/1093/1084 1429/1539/1516
f 1357/1091/1082 1356/1527/1504 1358/1092/1083
f 1358/1092/1083 1430/1538/1515 1429/1539/1516
f 1429/1539/1516 1359/1093/1084 1358/1092/1083
f 892/238/238 900/885/879 883/1094/1085
f 887/884/878 884/1089/1080 883/1094/1085
f 761/1028/1019 754/906/900 756/596/593
f 869/1095/1086 871/1066/1057 872/1096/1087
f 671/1109/1100 678/963/954 860/1098/1089
f 860/1098/1089 861/1107/1098 671/1109/1100
f 795/888/882 794/112/112 796/1099/1090
f 878/1189/1176 877/1103/1094 865/1102/1093
f 863/1101/1092 864/1158/1147 865/1102/1093
f 527/1104/1095 528/1446/1424 513/706/701
f 800/1106/1097 799/1184/1172 797/1100/1091
f 875/696/691 878/1189/1176 870/1097/1088
f 672/1149/1139 671/1109/1100 858/1108/1099
f 858/1108/1099 857/1117/1108 672/1149/1139
f 948/1112/1103 946/1233/1220 1376/846/841
f 1373/1110/1101 1368/518/515 936/1111/1102
f 948/1112/1103 1376/846/841 1373/1110/1101
f 834/1150/1140 657/968/959 833/1114/1105
f 665/1113/1104 843/1134/1124 833/1114/1105
f 847/1148/1138 857/1117/1108 849/1116/1107
f 858/1108/1099 859/1115/1106 857/1117/1108
f 810/1118/1109 811/926/917 812/1119/1110
f 864/1158/1147 863/1101/1092 866/1122/1113
f 867/1121/1112 868/1123/1114 866/1122/1113
f 859/1115/1106 866/1122/1113 868/1123/1114
f 868/1123/1114 853/1167/1156 849/1116/1107
f 907/1124/1115 904/1245/1232 912/1125/1116
f 829/1172/1161 658/1129/1119 830/1128/1118
f 657/1127/959 834/1613/1140 830/1128/1118
f 817/1130/1120 818/1146/1136 809/1131/1121
f 833/1114/1105 843/1134/1124 845/1051/1042
f 844/1133/1123 846/1214/1201 845/1051/1042
f 845/1051/1042 835/1050/1041 833/1114/1105
f 808/1164/1153 643/1136/1126 807/1132/1122
f 651/1135/1125 817/1130/1120 807/1132/1122
f 820/1137/1127 819/1227/1214 821/1138/1128
f 1427/1140/1130 1428/1324/1309 1422/1141/1131
f 1424/1614/895 1423/1253/1240 1422/1141/1131
f 1422/1141/1131 1421/1255/1242 1419/1078/1069
f 1419/1078/1069 1426/1142/1132 1422/1141/1131
f 1428/1324/1309 1424/1614/895 1422/1141/1131
f 583/839/834 1497/841/836 1498/789/784
f 853/1167/1156 851/1145/1135 852/1144/1134
f 854/1143/1133 855/1213/1200 852/1144/1134
f 813/1120/1111 809/1131/1121 818/1146/1136
f 164/290/289 172/295/294 1083/239/239
f 1083/239/239 1082/908/209 164/290/289
f 820/1137/1127 822/1139/1129 818/1146/1136
f 664/1171/1160 672/1149/1139 847/1148/1138
f 847/1148/1138 848/1506/1483 664/1171/1160
f 834/1150/1140 833/1114/1105 835/1050/1041
f 830/1128/1118 834/1613/1140 836/1152/1141
f 837/35/35 838/34/34 839/1154/1143
f 827/1169/1158 826/1155/1144 828/1147/1137
f 810/1118/1109 813/1120/1111 828/1147/1137
f 831/1157/1146 842/1161/1150 825/1156/1145
f 825/1156/1145 824/1170/1159 822/1139/1129
f 822/1139/1129 821/1138/1128 825/1156/1145
f 864/1158/1147 866/1122/1113 859/1115/1106
f 859/1115/1106 862/1159/1148 864/1158/1147
f 823/1160/1149 825/1156/1145 842/1161/1150
f 650/969/960 820/1137/1127 817/1130/1120
f 901/1163/1152 902/786/781 894/932/923
f 806/1165/1154 805/1234/1221 808/1164/1153
f 808/1164/1153 807/1132/1122 809/1131/1121
f 811/926/917 815/1465/1443 814/1166/1155
f 816/1176/1165 814/1166/1155 815/1465/1443
f 853/1167/1156 852/1144/1134 850/1168/1157
f 827/1169/1158 828/1147/1137 818/1146/1136
f 818/1146/1136 822/1139/1129 827/1169/1158
f 825/1156/1145 823/1160/1149 824/1170/1159
f 826/1155/1144 827/1169/1158 824/1170/1159
f 843/1134/1124 665/1113/1104 844/1133/1123
f 664/1171/1160 848/1506/1483 844/1133/1123
f 819/1227/1214 829/1172/1161 831/1157/1146
f 830/1128/1118 832/1153/1142 831/1157/1146
f 831/1157/1146 821/1138/1128 819/1227/1214
f 959/619/616 952/759/754 757/711/706
f 794/112/112 804/111/111 796/1099/1090
f 805/1234/1221 806/1165/1154 804/111/111
f 1411/965/956 1409/1265/1252 1410/1173/1162
f 1417/1264/1251 1416/900/894 1410/1173/1162
f 1404/902/896 1405/966/957 1416/900/894
f 1410/1173/1162 1409/1265/1252 1417/1264/1251
f 500/634/631 1064/633/630 1067/1175/1164
f 126/1174/1163 125/1461/1439 1067/1175/1164
f 1064/633/630 117/127/127 126/1174/1163
f 1067/1175/1164 506/615/612 500/634/631
f 125/1461/1439 1066/1570/1546 1067/1175/1164
f 806/1165/1154 814/1166/1155 816/1176/1165
f 816/1176/1165 800/1106/1097 796/1099/1090
f 851/1145/1135 853/1167/1156 868/1123/1114
f 836/1152/1141 839/1177/1143 832/1153/1142
f 842/1161/1150 831/1157/1146 832/1153/1142
f 1404/902/896 1433/1529/1506 1437/1178/1166
f 869/1095/1086 870/1097/1088 862/1159/1148
f 1526/1180/1168 1527/985/976 596/1181/1169
f 792/890/884 793/889/883 784/1043/1034
f 801/1183/1171 802/1475/1453 803/271/271
f 803/271/271 799/1184/1172 801/1183/1171
f 787/270/270 784/1043/1034 793/889/883
f 1303/982/973 1302/1188/1175 1305/1187/1174
f 1306/1186/33 1308/1615/637 1305/1187/1174
f 865/1102/1093 862/1159/1148 870/1097/1088
f 687/995/986 686/992/983 881/1190/1177
f 882/1085/1076 881/1190/1177 883/1094/1085
f 930/1191/1178 931/1547/1524 923/830/825
f 923/830/825 925/1192/1179 930/1191/1178
f 871/1066/1057 879/1086/1077 880/1090/1081
f 718/682/677 717/1032/1023 913/1194/1181
f 732/1074/1065 922/976/967 717/1032/1023
f 686/992/983 702/1011/1002 891/5/5
f 777/971/962 775/1083/1074 969/311/310
f 773/1082/1073 971/1195/1182 775/1083/1074
f 891/5/5 892/238/238 883/1094/1085
f 972/1196/1183 970/1199/1186 969/311/310
f 240/164/164 1112/1307/1292 1113/1594/1564
f 1113/1594/1564 1111/842/837 239/1198/1185
f 239/1198/1185 240/164/164 1113/1594/1564
f 961/312/311 969/311/310 970/1199/1186
f 977/1201/1188 976/1482/1460 963/1200/1187
f 963/1200/1187 964/1443/1422 965/891/885
f 1255/1357/1341 1257/1204/1191 1259/1203/1190
f 1260/1202/1189 1261/335/334 1259/1203/1190
f 1259/1203/1190 1258/1347/1332 1255/1357/1341
f 977/1201/1188 965/891/885 962/620/617
f 974/1205/1192 977/1201/1188 970/1199/1186
f 753/1056/1047 751/1208/1195 942/1207/1194
f 749/1046/1037 944/1206/1193 751/1208/1195
f 632/1209/1196 637/1065/1056 624/997/988
f 738/1054/1045 737/1055/1046 934/1210/1197
f 753/1056/1047 942/1207/1194 737/1055/1046
f 944/1206/1193 950/1219/1206 951/881/875
f 1299/1520/1497 1292/1212/1199 1291/135/135
f 1293/1452/1430 1289/136/136 1292/1212/1199
f 1291/135/135 1295/1460/1438 1299/1520/1497
f 955/935/926 957/392/391 958/394/393
f 855/1213/1200 856/1568/1544 845/1051/1042
f 845/1051/1042 846/1214/1201 855/1213/1200
f 850/1168/1157 852/1144/1134 855/1213/1200
f 597/1182/1170 601/863/858 1537/1215/1202
f 713/1063/1054 711/1217/1204 901/1163/1152
f 709/1044/1035 903/1216/1203 711/1217/1204
f 953/1218/1205 951/881/875 950/1219/1206
f 749/1046/1037 748/1047/1038 944/1206/1193
f 760/760/755 950/1219/1206 748/1047/1038
f 623/855/850 622/857/852 631/1220/1207
f 916/1221/1208 917/1397/1380 918/828/823
f 1532/880/874 1543/369/368 1542/569/566
f 958/394/393 947/393/392 945/1211/1198
f 1173/1225/1212 1178/1440/910 1177/1223/1210
f 1175/1411/1393 1177/1223/1210 1178/1440/910
f 1169/1224/1211 1170/1406/1388 1173/1225/1212
f 738/1054/1045 934/1210/1197 932/1226/1213
f 945/1211/1198 943/1228/1215 942/1207/1194
f 650/969/960 658/1129/1119 819/1227/1214
f 819/1227/1214 820/1137/1127 650/969/960
f 934/1210/1197 942/1207/1194 943/1228/1215
f 936/1111/1102 939/1237/1224 937/1230/1217
f 940/1244/1231 937/1230/1217 939/1237/1224
f 968/892/886 956/882/876 953/1218/1205
f 943/1228/1215 945/1211/1198 947/393/392
f 946/1233/1220 948/1112/1103 949/1232/1219
f 804/111/111 644/113/113 805/1234/1221
f 643/1136/1126 808/1164/1153 805/1234/1221
f 637/1065/1056 632/1209/1196 635/950/941
f 728/1034/1025 727/1036/1027 924/975/966
f 742/1057/1048 932/1226/1213 727/1036/1027
f 859/1115/1106 858/1108/1099 861/1107/1098
f 861/1107/1098 860/1098/1089 862/1159/1148
f 940/1244/1231 939/1237/1224 941/1236/1223
f 926/1235/1222 928/1238/1225 941/1236/1223
f 933/1239/1226 941/1236/1223 928/1238/1225
f 928/1238/1225 927/1193/1180 925/1192/1179
f 910/787/782 909/1511/1488 895/1240/1227
f 895/1240/1227 896/1438/1419 897/785/780
f 732/1074/1065 730/1241/1228 922/976/967
f 728/1034/1025 924/975/966 730/1241/1228
f 913/1194/1181 914/829/824 912/1125/1116
f 709/1044/1035 708/1045/1036 903/1216/1203
f 721/683/678 911/1242/1229 708/1045/1036
f 922/976/967 923/830/825 914/829/824
f 928/1238/1225 926/1235/1222 927/1193/1180
f 929/1243/1230 930/1191/1178 927/1193/1180
f 940/1244/1231 941/1236/1223 933/1239/1226
f 933/1239/1226 935/1229/1216 940/1244/1231
f 948/1112/1103 936/1111/1102 938/1231/1218
f 718/682/677 913/1194/1181 911/1242/1229
f 934/1210/1197 935/1229/1216 933/1239/1226
f 791/1042/1033 974/1205/1192 782/1088/1079
f 972/1196/1183 782/1088/1079 974/1205/1192
f 911/1242/1229 912/1125/1116 904/1245/1232
f 1535/929/920 1536/1577/1553 1537/1215/1202
f 812/1119/1110 814/1166/1155 806/1165/1154
f 806/1165/1154 809/1131/1121 812/1119/1110
f 903/1216/1203 904/1245/1232 902/786/781
f 698/1530/1507 697/1246/1233 893/4/4
f 713/1063/1054 901/1163/1152 697/1246/1233
f 932/1226/1213 933/1239/1226 925/1192/1179
f 908/1247/1234 909/1511/1488 910/787/782
f 910/787/782 907/1124/1115 908/1247/1234
f 943/1228/1215 949/1232/1219 938/1231/1218
f 938/1231/1218 937/1230/1217 935/1229/1216
f 910/787/782 902/786/781 904/1245/1232
f 582/788/783 1091/145/145 583/839/834
f 1092/147/147 588/840/835 583/839/834
f 628/922/913 780/1084/1075 971/1195/1182
f 971/1195/1182 780/1084/1075 782/1088/1079
f 663/1249/1236 664/1171/1160 665/1113/1104
f 363/426/425 1007/1252/1239 1008/1251/1238
f 477/1250/1237 476/666/662 1008/1251/1238
f 1008/1251/1238 364/1454/1432 363/426/425
f 961/312/311 959/619/616 768/713/708
f 1421/1255/1242 1422/1141/1131 1423/1253/1240
f 1423/1253/1240 1416/1616/894 1415/1254/1241
f 1415/1254/1241 1413/1336/1321 1420/1534/1511
f 1416/1616/894 1417/1617/1251 1415/1254/1241
f 1420/1534/1511 1421/1255/1242 1415/1254/1241
f 286/496/493 984/1257/1244 985/1256/1243
f 430/583/580 429/533/530 985/1256/1243
f 985/1256/1243 287/498/495 286/496/493
f 410/627/624 406/630/627 1025/1258/1245
f 501/1021/1012 510/1399/1382 1025/1258/1245
f 346/343/342 1003/1259/1246 347/344/343
f 467/1566/1542 466/761/756 1003/1259/1246
f 502/545/542 501/1021/1012 1022/1260/1247
f 406/630/627 404/511/508 1022/1260/1247
f 318/508/505 996/1261/1248 999/357/356
f 446/639/635 456/584/581 999/357/356
f 999/357/356 328/359/358 318/508/505
f 264/532/529 978/1262/1249 265/205/205
f 414/539/536 413/203/203 978/1262/1249
f 1105/398/397 1104/1263/1250 218/212/212
f 218/212/212 227/214/214 1105/398/397
f 632/1209/1196 631/1220/1207 633/1059/1050
f 1407/1266/1253 1414/1618/1510 1417/1264/1251
f 1415/1619/1241 1417/1264/1251 1414/1618/1510
f 392/472/471 1020/1267/1254 1023/510/507
f 494/559/556 504/543/540 1023/510/507
f 1023/510/507 402/512/509 392/472/471
f 382/476/475 1017/1269/1256 1021/1268/1255
f 489/649/645 497/593/590 1021/1268/1255
f 1021/1268/1255 390/1449/1427 382/476/475
f 53/959/950 42/1270/1257 38/23/23
f 38/23/23 55/22/22 53/959/950
f 336/453/452 332/403/402 1002/1271/1258
f 453/752/747 463/611/608 1002/1271/1258
f 1048/618/615 65/75/75 64/72/72
f 418/624/621 1026/623/620 419/628/625
f 3/1280/1267 2/3/3 1026/623/620
f 480/580/577 472/315/314 1051/769/764
f 1195/1402/1384 1187/1274/1261 1196/1273/1260
f 1186/937/928 1189/1272/1259 1187/1274/1261
f 1055/612/609 1051/769/764 76/64/64
f 1041/636/633 43/716/711 42/1270/1257
f 434/625/622 1031/299/298 1032/1275/1262
f 21/122/122 30/1279/1266 1032/1275/1262
f 1032/1275/1262 435/572/569 434/625/622
f 30/1279/1266 1036/566/563 1032/1275/1262
f 1062/1276/1263 109/1277/1264 108/132/132
f 1062/1276/1263 1058/1296/1282 100/45/45
f 79/1278/1265 78/1462/1440 1052/768/763
f 1052/768/763 475/767/762 471/1464/1442
f 471/1464/1442 68/80/80 1052/768/763
f 1034/562/559 1036/566/563 30/1279/1266
f 117/127/127 1064/633/630 1063/575/572
f 1026/623/620 1027/622/619 4/61/61
f 1041/636/633 1037/635/632 35/717/712
f 459/648/644 1045/1281/1268 460/750/745
f 58/66/66 57/65/65 1045/1281/1268
f 1045/1281/1268 59/1580/1556 58/66/66
f 1039/582/579 42/1270/1257 1040/1282/1269
f 53/959/950 1044/541/538 1040/1282/1269
f 451/540/537 445/548/545 1040/1282/1269
f 1040/1282/1269 42/1270/1257 53/959/950
f 657/1127/959 658/1129/1119 653/872/867
f 64/72/72 70/49/49 1050/606/603
f 1069/555/552 131/82/82 130/59/59
f 508/1019/1010 123/684/679 1069/555/552
f 131/82/82 1069/555/552 123/684/679
f 1318/87/87 1317/1592/1563 1322/1285/1272
f 1320/1283/1270 1319/1453/1431 1321/1284/1271
f 1322/1285/1272 1317/1592/1563 1320/1283/1270
f 452/632/629 1043/631/628 1046/1287/1274
f 60/1286/1273 59/1580/1556 1046/1287/1274
f 1043/631/628 51/57/57 60/1286/1273
f 1046/1287/1274 458/647/643 452/632/629
f 59/1580/1556 1045/1281/1268 1046/1287/1274
f 1521/941/932 1525/916/908 595/1288/1275
f 1444/1522/1499 1446/1291/1278 1393/1290/1277
f 1439/1289/1276 1385/1510/1487 1393/1290/1277
f 1393/1290/1277 1392/1494/1472 1444/1522/1499
f 1042/542/539 52/58/58 51/57/57
f 261/337/336 519/741/736 518/1292/1279
f 518/1292/1279 560/738/733 407/449/448
f 28/69/69 1035/560/557 1034/562/559
f 481/613/610 1053/128/128 1054/1293/1280
f 87/96/96 95/1457/1435 1054/1293/1280
f 1054/1293/1280 482/1507/1484 481/613/610
f 95/1457/1435 1057/590/587 1054/1293/1280
f 1033/589/586 1029/893/887 10/29/29
f 643/1136/1126 644/113/113 639/948/939
f 130/59/59 4/61/61 1027/622/619
f 35/717/712 1037/635/632 1038/1294/904
f 663/1249/1236 660/967/958 659/18/18
f 1059/1295/1281 101/12/12 100/45/45
f 306/378/377 531/720/715 514/1297/1096
f 527/1593/1095 514/1297/1096 531/720/715
f 373/688/683 552/687/682 549/721/716
f 803/271/271 793/889/883 797/1100/1091
f 667/327/326 666/326/325 668/1299/1284
f 676/1300/1285 682/913/905 692/1301/1286
f 570/1306/1291 572/502/499 1076/76/76
f 1076/76/76 1078/78/78 570/1306/1291
f 595/1288/1275 590/915/907 1096/323/322
f 589/849/844 1095/245/245 590/915/907
f 1100/1302/1287 1102/1314/1299 596/1181/1169
f 596/1181/1169 598/984/975 1100/1302/1287
f 968/892/886 967/1514/1491 954/1303/1288
f 954/1303/1288 955/935/926 956/882/876
f 593/866/861 595/1288/1275 1096/323/322
f 606/867/862 605/194/194 1108/284/284
f 1108/284/284 1110/177/177 606/867/862
f 605/194/194 1109/283/283 1108/284/284
f 1304/1029/1020 1310/1498/636 1407/1266/1253
f 1414/1618/1510 1407/1266/1253 1310/1498/636
f 1077/1305/1290 1079/309/308 574/814/809
f 574/814/809 571/811/806 1077/1305/1290
f 570/1306/1291 1078/78/78 1077/1305/1290
f 1112/1307/1292 1114/163/163 613/836/831
f 613/836/831 609/851/846 1112/1307/1292
f 608/843/838 1113/1594/1564 1112/1307/1292
f 1092/147/147 1093/181/181 587/462/461
f 585/463/462 587/462/461 1093/181/181
f 183/173/173 1136/763/758 1141/745/740
f 230/303/302 1155/771/766 1160/591/588
f 997/1512/1489 995/507/504 316/1308/1293
f 320/509/506 317/373/372 316/1308/1293
f 410/627/624 411/1309/1294 406/630/627
f 409/451/450 398/456/455 411/1309/1294
f 209/240/240 208/242/242 1147/869/864
f 1122/729/724 146/1582/1558 145/175/175
f 1161/438/437 245/319/318 244/321/320
f 153/188/188 152/187/187 1126/776/771
f 251/307/306 1164/755/750 254/267/267
f 1167/737/732 255/155/155 254/267/267
f 176/435/434 175/224/224 1134/778/773
f 1129/743/738 159/301/300 154/282/282
f 230/303/302 229/1323/1308 1156/733/728
f 168/289/288 167/1584/936 1131/1310/1295
f 174/1311/1296 173/294/293 1135/753/748
f 1135/753/748 1134/778/773 174/1311/1296
f 224/1312/1297 223/202/202 1153/736/731
f 1101/1463/1441 1102/1314/1299 210/1313/1298
f 1100/1302/1287 212/324/323 210/1313/1298
f 210/1313/1298 211/218/218 1101/1463/1441
f 1121/764/759 1126/776/771 152/187/187
f 215/317/316 214/236/236 1151/1013/1004
f 216/318/317 215/317/316 1150/1014/1005
f 364/1454/1432 365/1316/1301 366/1315/1300
f 360/380/379 359/360/359 366/1315/1300
f 366/1315/1300 363/426/425 364/1454/1432
f 141/306/305 1118/780/775 1123/730/725
f 1166/439/438 249/199/199 245/319/318
f 1142/727/722 1145/658/654 200/257/257
f 200/257/257 196/256/256 1142/727/722
f 195/1317/1302 194/442/441 1143/521/518
f 1143/521/518 1142/727/722 195/1317/1302
f 1132/944/935 166/216/216 162/215/215
f 987/495/492 295/395/394 293/397/396
f 168/289/288 1130/754/749 1135/753/748
f 202/161/161 201/258/258 1145/658/654
f 1145/658/654 1144/660/656 202/161/161
f 1146/746/741 1151/1013/1004 214/236/236
f 244/321/320 239/1198/1185 241/1197/1184
f 241/1197/1184 242/179/179 243/231/231
f 336/453/452 337/1318/1303 332/403/402
f 335/408/407 324/447/446 337/1318/1303
f 1147/869/864 208/242/242 207/243/243
f 189/169/169 188/171/171 1140/1319/1304
f 1163/734/729 243/231/231 238/1320/1305
f 1136/763/758 183/173/173 182/273/273
f 1162/757/752 244/321/320 243/231/231
f 162/215/215 161/255/255 1128/604/601
f 221/437/436 1154/436/435 222/1321/1306
f 1153/736/731 223/202/202 222/1321/1306
f 238/1320/1305 237/228/228 1159/230/230
f 402/512/509 403/1322/1307 393/473/472
f 401/345/344 387/363/362 393/473/472
f 393/473/472 392/472/471 402/512/509
f 1157/731/726 228/213/213 224/1312/1297
f 227/214/214 228/213/213 229/1323/1308
f 229/1323/1308 228/213/213 1157/731/726
f 1425/796/791 1431/798/793 1428/1324/1309
f 1432/1620/1566 1428/1324/1309 1431/798/793
f 179/272/272 1087/183/183 180/186/186
f 1086/810/805 1084/144/144 170/143/143
f 180/186/186 1087/183/183 1086/810/805
f 251/307/306 250/198/198 1165/1325/1310
f 154/282/282 153/188/188 1125/777/772
f 203/162/162 1144/660/656 1148/758/753
f 147/264/264 146/1582/1558 1122/729/724
f 250/198/198 249/199/199 1166/439/438
f 256/197/197 255/155/155 1167/737/732
f 1167/737/732 1120/739/734 256/197/197
f 140/305/304 139/158/158 1119/740/735
f 1119/740/735 1118/780/775 140/305/304
f 56/67/67 1212/420/419 1220/422/421
f 1226/513/510 1223/1388/1371 67/50/50
f 1231/1326/1311 1223/1388/1371 1224/1327/1312
f 1217/1420/1402 1220/422/421 1219/1329/1314
f 1219/1329/1314 1218/514/511 1217/1420/1402
f 122/686/681 1269/1338/1323 1277/1330/1315
f 343/459/458 352/999/990 353/1331/1316
f 353/1331/1316 340/528/525 343/459/458
f 538/703/698 544/1332/1317 1142/727/722
f 543/726/721 1145/658/654 544/1332/1317
f 1219/1329/1314 1222/1334/1319 1218/514/511
f 1228/1333/1318 1225/1414/1396 1227/515/512
f 1227/515/512 1218/514/511 1222/1334/1319
f 1420/1534/1511 1413/1336/1321 1315/86/86
f 1412/1335/1320 1316/1483/1461 1315/86/86
f 1315/86/86 1323/88/88 1420/1534/1511
f 1418/1476/1454 1420/1534/1511 1323/88/88
f 122/686/681 127/1581/1557 1271/1337/1322
f 1214/946/937 1206/1344/1329 1207/1339/1324
f 1272/1341/1326 1270/876/870 1269/1338/1323
f 18/131/131 1179/1417/1399 1180/1342/1327
f 48/39/39 50/1345/1330 1206/1344/1329
f 54/21/21 1209/1343/1328 50/1345/1330
f 1267/1348/1333 1266/1380/1363 1256/1346/1331
f 1256/1346/1331 1255/1357/1341 1258/1347/1332
f 1206/1344/1329 1209/1343/1328 1208/1350/1335
f 1208/1350/1335 1207/1339/1324 1206/1344/1329
f 1208/1350/1335 1211/1352/1336 1207/1339/1324
f 1216/1351/912 1215/1340/1325 1207/1339/1324
f 735/1040/1031 740/1052/1043 739/1353/1337
f 739/1353/1337 741/1068/1059 734/568/565
f 734/568/565 736/961/952 739/1353/1337
f 1257/1204/1191 107/139/139 1260/1202/1189
f 110/138/138 98/109/109 1250/333/332
f 1260/1202/1189 107/139/139 110/138/138
f 389/423/422 388/689/684 377/434/433
f 1179/1417/1399 1183/1356/1340 1182/1355/1339
f 1182/1355/1339 1181/1412/1394 1179/1417/1399
f 103/117/117 106/119/119 1255/1357/1341
f 107/139/139 1257/1204/1191 1255/1357/1341
f 1255/1357/1341 1256/1346/1331 103/117/117
f 1259/1203/1190 1262/870/865 1258/1347/1332
f 1268/1358/1342 1265/1385/1368 1267/1348/1333
f 1267/1348/1333 1258/1347/1332 1262/870/865
f 1253/1361/1345 1252/1424/1406 1242/1359/1343
f 1242/1359/1343 1241/1374/1357 1244/1360/1344
f 589/849/844 591/848/843 1095/245/245
f 592/285/285 1094/838/833 591/848/843
f 34/1362/1346 1195/1621/1384 1194/1363/1347
f 1204/1365/1348 1203/1427/1409 1194/1363/1347
f 1194/1363/1347 1195/1621/1384 1196/1364/1260
f 1190/1415/1397 1193/1367/1350 1189/1272/1259
f 1197/1366/1349 1196/1273/1260 1189/1272/1259
f 1188/1416/1398 27/936/927 1191/1369/1352
f 31/1368/1351 15/36/36 1180/1342/1327
f 1191/1369/1352 27/936/927 31/1368/1351
f 1241/1374/1357 1243/1372/1355 1245/1371/1354
f 1246/1370/1353 1247/1405/1387 1245/1371/1354
f 1245/1371/1354 1244/1360/1344 1241/1374/1357
f 91/11/11 92/106/106 1241/1374/1357
f 93/1373/1356 1243/1372/1355 1241/1374/1357
f 1241/1374/1357 1242/1359/1343 91/11/11
f 1245/1371/1354 1248/1375/1358 1244/1360/1344
f 1254/871/866 1253/1361/1345 1244/1360/1344
f 1282/1378/1361 788/1382/1365 786/1376/1359
f 786/1376/1359 785/269/269 1284/1377/1360
f 1271/1337/1322 127/1581/1557 111/140/140
f 111/140/140 114/54/54 1263/1379/1362
f 114/54/54 116/1381/1364 1263/1379/1362
f 120/92/92 1266/1380/1363 116/1381/1364
f 790/1387/1370 789/1384/1367 1281/1479/1457
f 788/1382/1365 1282/1378/1361 1280/1383/1366
f 1280/1383/1366 1281/1479/1457 789/1384/1367
f 1263/1379/1362 1266/1380/1363 1265/1385/1368
f 1265/1385/1368 1264/1398/1381 1263/1379/1362
f 54/21/21 37/46/46 1199/1386/1369
f 790/1387/1370 973/1423/1405 974/1205/1192
f 974/1205/1192 791/1042/1033 790/1387/1370
f 80/79/79 67/50/50 1223/1388/1371
f 14/2/2 1176/1410/1392 1174/1389/1372
f 1269/1338/1323 1270/876/870 1278/1390/1373
f 1231/1326/1311 1232/1328/1313 1230/1391/1374
f 129/1392/1375 1274/1394/1377 1171/1393/1376
f 132/81/81 1277/1330/1315 1274/1394/1377
f 1275/1395/1378 1172/1491/1469 1171/1393/1376
f 1274/1394/1377 1277/1330/1315 1276/1396/1379
f 1276/1396/1379 1275/1395/1378 1274/1394/1377
f 921/1126/1117 912/1125/1116 914/829/824
f 1265/1385/1368 1268/1358/1342 1264/1398/1381
f 1273/877/871 1272/1341/1326 1264/1398/1381
f 509/1400/1383 1024/339/338 510/1399/1382
f 1025/1258/1245 510/1399/1382 1024/339/338
f 34/1401/1346 25/52/52 1187/1274/1261
f 1247/1405/1387 1246/1370/1353 1235/1403/1385
f 1235/1403/1385 1234/1431/1413 1236/1404/1386
f 1169/1224/1211 1168/1407/1389 1170/1406/1388
f 1171/1393/1376 1172/1491/1469 1170/1406/1388
f 1237/1434/1416 1240/1408/1390 1236/1404/1386
f 1248/1375/1358 1245/1371/1354 1247/1405/1387
f 1247/1405/1387 1236/1404/1386 1240/1408/1390
f 1215/1340/1325 1216/1351/912 1213/1409/1391
f 1222/1334/1319 1219/1329/1314 1221/421/420
f 1221/421/420 1213/1409/1391 1222/1334/1319
f 1214/946/937 61/947/938 45/70/70
f 45/70/70 48/39/39 1206/1344/1329
f 1271/1337/1322 1263/1379/1362 1264/1398/1381
f 1176/1410/1392 1177/1223/1210 1175/1411/1393
f 84/121/121 1234/1431/1413 1235/1403/1385
f 689/994/985 688/993/984 685/951/942
f 1192/1413/1395 1191/1369/1352 1180/1342/1327
f 1180/1342/1327 1179/1417/1399 1181/1412/1394
f 1224/1327/1312 1223/1388/1371 1225/1414/1396
f 1226/513/510 1227/515/512 1225/1414/1396
f 1228/1333/1318 1233/1436/911 1232/1328/1313
f 1230/1391/1374 1232/1328/1313 1233/1436/911
f 1224/1327/1312 1225/1414/1396 1228/1333/1318
f 219/201/201 220/219/219 221/437/436
f 211/218/218 216/318/317 221/437/436
f 221/437/436 222/1321/1306 219/201/201
f 1186/937/928 1188/1416/1398 1190/1415/1397
f 1191/1369/1352 1192/1413/1395 1190/1415/1397
f 1190/1415/1397 1189/1272/1259 1186/937/928
f 18/131/131 20/1418/1400 1179/1417/1399
f 23/98/98 1183/1356/1340 20/1418/1400
f 1182/1355/1339 1185/1419/1401 1181/1412/1394
f 1193/1367/1350 1190/1415/1397 1192/1413/1395
f 1192/1413/1395 1181/1412/1394 1185/1419/1401
f 99/108/108 1249/911/903 1250/333/332
f 66/74/74 1220/422/421 1217/1420/1402
f 975/1422/1404 976/1482/1460 977/1201/1188
f 977/1201/1188 974/1205/1192 975/1422/1404
f 102/44/44 91/11/11 1242/1359/1343
f 1243/1372/1355 93/1373/1356 1246/1370/1353
f 96/1425/1407 81/107/107 1235/1403/1385
f 1246/1370/1353 93/1373/1356 96/1425/1407
f 1210/1349/1334 1209/1343/1328 1199/1386/1369
f 1199/1386/1369 1198/1071/1062 1201/1426/1408
f 1198/1071/1062 1200/1429/1411 1202/1428/1410
f 1203/1427/1409 1204/1365/1348 1202/1428/1410
f 1202/1428/1410 1201/1426/1408 1198/1071/1062
f 1200/1429/1411 41/134/134 1203/1427/1409
f 44/133/133 33/715/710 1194/1363/1347
f 1203/1427/1409 41/134/134 44/133/133
f 1202/1428/1410 1205/1430/1412 1201/1426/1408
f 1211/1352/1336 1208/1350/1335 1210/1349/1334
f 1210/1349/1334 1201/1426/1408 1205/1430/1412
f 1183/1356/1340 23/98/98 6/13/13
f 6/13/13 9/15/15 1174/1389/1372
f 84/121/121 86/1432/1414 1234/1431/1413
f 89/124/124 1238/1009/1000 86/1432/1414
f 1174/1389/1372 1175/1411/1393 1184/1354/1338
f 1234/1431/1413 1238/1009/1000 1237/1434/1416
f 1237/1434/1416 1236/1404/1386 1234/1431/1413
f 120/92/92 103/117/117 1256/1346/1331
f 1459/815/810 1462/1554/1531 1460/1435/1417
f 1463/1073/1064 1464/1072/1063 1461/804/799
f 1460/1435/1417 1462/1554/1531 1463/1073/1064
f 1230/1391/1374 1233/1436/911 1239/1433/1415
f 1240/1408/1390 1237/1434/1416 1239/1433/1415
f 14/2/2 1/1/1 1168/1407/1389
f 80/79/79 1231/1326/1311 1229/1008/999
f 1176/1410/1392 1168/1407/1389 1169/1224/1211
f 898/1437/1418 899/1478/1456 900/885/879
f 900/885/879 897/785/780 898/1437/1418
f 1/1/1 5/60/60 1171/1393/1376
f 603/878/872 1538/860/855 1539/370/369
f 1175/1411/1393 1178/1440/910 1184/1354/1338
f 1185/1419/1401 1182/1355/1339 1184/1354/1338
f 841/1162/1151 842/1161/1150 839/1177/1143
f 966/1442/1421 967/1514/1491 968/892/886
f 968/892/886 965/891/885 966/1442/1421
f 327/354/353 326/724/719 311/500/497
f 1196/1364/1260 1197/1444/1349 1204/1365/1348
f 1205/1430/1412 1202/1428/1410 1204/1365/1348
f 696/103/103 694/1080/1071 1517/1445/1423
f 528/1446/1424 527/1104/1095 1131/1611/1295
f 1131/1611/1295 1132/944/935 528/1446/1424
f 1059/1295/1281 1058/1296/1282 486/1447/1425
f 1481/1448/1426 1479/1079/1070 1490/148/148
f 1056/650/646 94/10/10 101/12/12
f 1021/1268/1255 1019/557/554 390/1449/1427
f 394/474/473 391/425/424 390/1449/1427
f 1293/1452/1430 1292/1212/1199 1400/1450/1428
f 1401/1519/1496 1400/1450/1428 1292/1212/1199
f 863/1101/1092 877/1103/1094 1319/1453/1431
f 876/1537/1514 1324/506/503 877/1103/1094
f 1319/1453/1431 1320/1283/1270 863/1101/1092
f 867/1121/1112 863/1101/1092 1317/1592/1563
f 1317/1592/1563 1313/702/697 867/1121/1112
f 863/1101/1092 1320/1283/1270 1317/1592/1563
f 365/1316/1301 364/1454/1432 369/153/153
f 1008/1251/1238 1012/388/387 364/1454/1432
f 692/1301/1286 682/913/905 691/996/987
f 683/1017/1008 691/996/987 682/913/905
f 1325/1542/1519 1329/1455/1433 1321/1284/1271
f 1323/88/88 1322/1285/1272 1321/1284/1271
f 1376/846/841 946/1233/1220 1375/1456/1434
f 957/392/391 1380/249/249 1375/1456/1434
f 1056/650/646 1057/590/587 95/1457/1435
f 1337/795/790 898/1437/1418 896/1438/1419
f 896/1438/1419 895/1240/1227 1340/1459/1437
f 1340/1459/1437 1337/795/790 896/1438/1419
f 1290/1466/1444 1294/928/919 1291/135/135
f 1296/927/918 1297/1031/1022 1294/928/919
f 1295/1460/1438 1291/135/135 1294/928/919
f 125/1461/1439 126/1174/1163 128/141/141
f 128/141/141 127/1581/1557 122/686/681
f 122/686/681 124/685/680 128/141/141
f 75/85/85 74/84/84 80/79/79
f 77/62/62 78/1462/1440 74/84/84
f 79/1278/1265 80/79/79 74/84/84
f 597/1182/1170 596/1181/1169 1102/1314/1299
f 1101/1463/1441 1103/217/217 601/863/858
f 597/1182/1170 1102/1314/1299 1101/1463/1441
f 642/707/702 646/957/948 651/1135/1125
f 826/1155/1144 823/1160/1149 1302/1188/1175
f 667/327/326 672/1149/1139 664/1171/1160
f 952/759/754 959/619/616 960/621/618
f 470/607/604 1049/725/720 471/1464/1442
f 69/51/51 68/80/80 1049/725/720
f 1288/137/137 801/1183/1171 798/1185/1173
f 798/1185/1173 815/1465/1443 1290/1466/1444
f 1290/1466/1444 1288/137/137 798/1185/1173
f 854/1143/1133 851/1145/1135 1313/702/697
f 823/1160/1149 841/1162/1151 1302/1188/1175
f 838/1441/34 1306/1186/33 841/1162/1151
f 1353/1488/1466 1360/1469/1447 1361/1468/1446
f 1363/1467/1445 1364/772/767 1361/1468/1446
f 1361/1468/1446 1355/1004/995 1353/1488/1466
f 1364/772/767 1365/1528/1505 1361/1468/1446
f 1354/1492/1470 1353/1488/1466 1355/1004/995
f 637/1065/1056 792/890/884 783/41/41
f 258/441/440 515/784/779 517/1470/1448
f 517/1470/1448 519/741/736 261/337/336
f 1289/136/136 1293/1452/1430 1285/1472/1450
f 1286/1451/1429 1287/1546/1523 1283/1471/1449
f 1283/1471/1449 1280/1383/1366 1282/1378/1361
f 1282/1378/1361 1284/1377/1360 1285/1472/1450
f 1285/1472/1450 1293/1452/1430 1286/1451/1429
f 1286/1451/1429 1283/1471/1449 1285/1472/1450
f 1500/116/116 1501/1474/1452 1497/841/836
f 1502/1473/1451 1499/790/785 1498/789/784
f 1498/789/784 1497/841/836 1501/1474/1452
f 785/269/269 802/1475/1453 1284/1377/1360
f 801/1183/1171 1288/137/137 802/1475/1453
f 1328/1076/1067 1419/1078/1069 1418/1476/1454
f 1418/1476/1454 1323/88/88 1329/1455/1433
f 1229/1008/999 1230/1391/1374 1239/1433/1415
f 1568/1477/1455 1556/854/849 616/671/666
f 616/671/666 615/670/665 1568/1477/1455
f 1556/854/849 612/819/814 616/671/666
f 885/883/877 899/1478/1456 1333/221/221
f 898/1437/1418 1337/795/790 899/1478/1456
f 1394/897/891 975/1422/1404 1396/1480/1458
f 973/1423/1405 790/1387/1370 1281/1479/1457
f 1396/1480/1458 975/1422/1404 973/1423/1405
f 963/1200/1187 976/1482/1460 1390/1481/1459
f 975/1422/1404 1394/897/891 976/1482/1460
f 1316/1483/1461 1309/642/638 1307/1016/1007
f 1307/1016/1007 1312/1015/1006 1316/1483/1461
f 1314/700/695 1315/86/86 1312/1015/1006
f 1438/1508/1485 1440/1485/1463 1379/91/91
f 1435/1484/1462 1371/1590/1562 1370/89/89
f 1370/89/89 1379/91/91 1440/1485/1463
f 1339/1458/1436 1344/1499/1476 1345/1622/1567
f 1345/1622/1567 1341/793/788 1339/1458/1436
f 1344/1499/1476 1346/1501/1478 1345/1622/1567
f 670/232/232 671/1109/1100 672/1149/1139
f 905/1525/1502 920/1487/1465 1347/1486/1464
f 919/1574/1550 1351/1006/997 920/1487/1465
f 1532/880/874 1533/862/857 599/864/859
f 1072/166/166 1074/168/168 568/806/801
f 181/185/185 1138/259/259 1137/779/774
f 929/1243/1230 1360/1469/1447 1353/1488/1466
f 276/1504/1481 981/1490/1468 982/1489/1467
f 421/626/623 420/578/575 982/1489/1467
f 982/1489/1467 277/429/428 276/1504/1481
f 826/1155/1144 1300/981/972 1296/927/918
f 939/1237/1224 936/1111/1102 1368/518/515
f 1276/1396/1379 1279/875/869 1275/1395/1378
f 1173/1225/1212 1170/1406/1388 1172/1491/1469
f 1172/1491/1469 1275/1395/1378 1279/875/869
f 1351/1006/997 919/1574/1550 916/1221/1208
f 916/1221/1208 915/1222/1209 1354/1492/1470
f 1354/1492/1470 1351/1006/997 916/1221/1208
f 926/1235/1222 939/1237/1224 1366/1493/1471
f 1366/1493/1471 1362/773/768 926/1235/1222
f 1395/896/890 1399/1523/1500 1391/1496/1474
f 1392/1494/1472 1393/1290/1277 1389/1495/1473
f 1389/1495/1473 1387/1503/1480 1391/1496/1474
f 1393/1290/1277 1388/1548/1525 1389/1495/1473
f 1391/1496/1474 1399/1523/1500 1392/1494/1472
f 1387/1503/1480 1390/1481/1459 1391/1496/1474
f 1372/774/769 1371/1590/1562 1434/1497/1475
f 1435/1484/1462 1434/1497/1475 1371/1590/1562
f 1305/1187/1174 1310/1498/636 1303/982/973
f 1304/1029/1020 1301/983/974 1303/982/973
f 1344/1499/1476 908/1247/1234 906/1248/1235
f 906/1248/1235 905/1525/1502 1347/1486/1464
f 706/1025/1016 707/954/945 1523/940/931
f 1352/1005/996 1359/1093/1084 1348/1502/1479
f 1349/1500/1477 1350/797/792 1346/1501/1478
f 1346/1501/1478 1344/1499/1476 1348/1502/1479
f 1350/797/792 1345/1622/1567 1346/1501/1478
f 1348/1502/1479 1359/1093/1084 1349/1500/1477
f 1344/1499/1476 1347/1486/1464 1348/1502/1479
f 1387/1503/1480 966/1442/1421 964/1443/1422
f 964/1443/1422 963/1200/1187 1390/1481/1459
f 275/353/352 274/1505/1482 276/1504/1481
f 983/204/204 981/1490/1468 276/1504/1481
f 276/1504/1481 279/516/513 275/353/352
f 846/1214/1201 844/1133/1123 850/1168/1157
f 848/1506/1483 847/1148/1138 849/1116/1107
f 850/1168/1157 844/1133/1123 848/1506/1483
f 1054/1293/1280 1057/590/587 482/1507/1484
f 485/571/568 479/791/786 482/1507/1484
f 1252/1424/1406 1253/1361/1345 1251/334/333
f 1007/1252/1239 1009/415/414 477/1250/1237
f 480/580/577 478/792/787 477/1250/1237
f 1385/1510/1487 1439/1289/1276 1438/1508/1485
f 1438/1508/1485 1379/91/91 1386/1509/1486
f 1360/1469/1447 929/1243/1230 1363/1467/1445
f 926/1235/1222 1362/773/768 1363/1467/1445
f 670/232/232 674/234/234 678/963/954
f 895/1240/1227 909/1511/1488 1339/1458/1436
f 908/1247/1234 1344/1499/1476 909/1511/1488
f 308/385/384 993/1513/1490 997/1512/1489
f 441/654/650 449/609/606 997/1512/1489
f 997/1512/1489 316/1308/1293 308/385/384
f 954/1303/1288 967/1514/1491 1384/933/924
f 966/1442/1421 1387/1503/1480 967/1514/1491
f 1085/142/142 577/149/149 579/909/902
f 676/1300/1285 674/234/234 673/1515/1492
f 1402/1516/1493 1403/964/955 1447/1517/1494
f 1406/1304/1289 1408/1521/1498 1299/1520/1497
f 1401/1519/1496 1292/1212/1199 1299/1520/1497
f 1299/1520/1497 1298/1030/1021 1406/1304/1289
f 1398/1524/1501 1445/1518/1495 1444/1522/1499
f 1444/1522/1499 1392/1494/1472 1399/1523/1500
f 1401/1519/1496 1403/964/955 1402/1516/1493
f 1437/1178/1166 1435/1484/1462 1443/1179/1167
f 1440/1485/1463 1441/1544/1521 1443/1179/1167
f 921/1126/1117 920/1487/1465 905/1525/1502
f 905/1525/1502 906/1248/1235 907/1124/1115
f 890/697/692 875/696/691 872/1096/1087
f 63/1421/1403 1217/1420/1402 1226/513/510
f 1364/772/767 1434/1497/1475 1365/1528/1505
f 1436/1526/1503 1430/1538/1515 1356/1527/1504
f 1356/1527/1504 1357/1091/1082 1365/1528/1505
f 1430/1538/1515 1358/1092/1083 1356/1527/1504
f 1365/1528/1505 1434/1497/1475 1436/1526/1503
f 1407/1266/1253 1409/1265/1252 1408/1521/1498
f 1428/1324/1309 1432/1620/1566 1433/1529/1506
f 1433/1529/1506 1404/902/896 1424/901/895
f 698/1530/1507 700/6/6 701/102/102
f 701/102/102 699/104/104 698/1530/1507
f 1287/1546/1523 1398/1524/1501 1397/895/889
f 1399/1523/1500 1395/896/890 1398/1524/1501
f 1397/895/889 1283/1471/1449 1287/1546/1523
f 430/583/580 431/1532/1509 432/1531/1508
f 434/625/622 435/572/569 432/1531/1508
f 432/1531/1508 429/533/530 430/583/580
f 1413/1336/1321 1415/1254/1241 1414/1533/1510
f 1419/1078/1069 1421/1255/1242 1420/1534/1511
f 1401/1519/1496 1408/1521/1498 1411/965/956
f 1409/1265/1252 1411/965/956 1408/1521/1498
f 1342/1564/1540 1425/796/791 1343/1623/1568
f 1427/1140/1130 1426/1142/1132 1425/796/791
f 1335/1535/1512 1343/1623/1568 1425/796/791
f 1212/420/419 1214/946/937 1215/1340/1325
f 467/1566/1542 468/1536/1513 466/761/756
f 470/607/604 471/1464/1442 468/1536/1513
f 876/1537/1514 877/1103/1094 878/1189/1176
f 878/1189/1176 875/696/691 876/1537/1514
f 1430/1538/1515 1432/1620/1566 1431/798/793
f 1397/895/889 1396/1480/1458 1281/1479/1457
f 1281/1479/1457 1280/1383/1366 1283/1471/1449
f 1435/1484/1462 1437/1178/1166 1436/1526/1503
f 1338/794/789 1343/1623/1568 1334/1541/1518
f 1335/1535/1512 1336/1077/1068 1332/1540/1517
f 1332/1540/1517 1330/24/24 1334/1541/1518
f 1336/1077/1068 1331/25/25 1332/1540/1517
f 1334/1541/1518 1343/1623/1568 1335/1535/1512
f 1330/24/24 1333/221/221 1334/1541/1518
f 1321/1284/1271 1319/1453/1431 1325/1542/1519
f 1324/506/503 1326/1575/1551 1325/1542/1519
f 1439/1289/1276 1441/1544/1521 1440/1485/1463
f 1432/1620/1566 1430/1538/1515 1433/1529/1506
f 1436/1526/1503 1437/1178/1166 1433/1529/1506
f 788/1382/1365 789/1384/1367 791/1042/1033
f 791/1042/1033 787/270/270 788/1382/1365
f 440/638/634 437/587/584 1035/560/557
f 1439/1289/1276 1446/1291/1278 1449/1543/1520
f 1447/1517/1494 1449/1543/1520 1446/1291/1278
f 879/1086/1077 871/1066/1057 677/962/953
f 1445/1518/1495 1447/1517/1494 1446/1291/1278
f 1564/904/898 1566/565/562 1567/1007/998
f 297/379/378 296/1298/1283 298/1545/1522
f 514/1297/1096 513/1624/701 298/1545/1522
f 298/1545/1522 299/486/346 297/379/378
f 1400/1450/1428 1402/1516/1493 1287/1546/1523
f 1445/1518/1495 1398/1524/1501 1287/1546/1523
f 1287/1546/1523 1286/1451/1429 1400/1450/1428
f 930/1191/1178 929/1243/1230 931/1547/1524
f 915/1222/1209 918/828/823 931/1547/1524
f 1383/1563/1539 1381/934/925 1384/933/924
f 1384/933/924 1387/1503/1480 1388/1548/1525
f 1388/1548/1525 1383/1563/1539 1384/933/924
f 1453/1549/1526 622/857/852 619/990/981
f 1471/1551/1528 1472/504/501 1468/503/500
f 1546/1048/1039 1544/868/863 1555/861/856
f 1469/1553/1530 1467/812/807 1478/823/818
f 1462/1554/1531 634/1060/1051 633/1059/1050
f 675/115/115 673/1515/1492 1502/1473/1451
f 1503/825/820 1502/1473/1451 673/1515/1492
f 1466/834/829 1461/804/799 1464/1072/1063
f 1464/1072/1063 1465/1555/1532 1466/834/829
f 1452/1569/1545 1450/835/830 1465/1555/1532
f 816/1176/1165 815/1465/1443 800/1106/1097
f 798/1185/1173 799/1184/1172 800/1106/1097
f 1485/808/803 1496/803/798 1495/1556/1533
f 641/956/947 640/709/704 1470/1552/1529
f 1495/1556/1533 1494/1567/1543 668/1299/1284
f 634/1060/1051 1462/1554/1531 1471/1551/1528
f 1493/826/821 1494/1567/1543 1492/292/291
f 1487/1557/1534 1488/19/19 1486/150/150
f 1475/1558/1535 1473/800/795 1484/645/641
f 1462/1554/1531 1459/815/810 1472/504/501
f 1475/1558/1535 648/974/965 647/252/252
f 188/171/171 184/170/170 186/172/172
f 1469/1553/1530 1477/251/251 645/253/253
f 1013/399/398 376/401/400 374/491/488
f 1443/1179/1167 1441/1544/1521 1449/1543/1520
f 1449/1543/1520 1448/1612/1565 1442/1560/1537
f 1442/1560/1537 1404/902/896 1443/1179/1167
f 1365/1528/1505 1357/1091/1082 1361/1468/1446
f 1359/1093/1084 1352/1005/996 1355/1004/995
f 1355/1004/995 1361/1468/1446 1357/1091/1082
f 655/376/375 654/375/374 1482/1561/1538
f 188/171/171 187/174/174 1141/745/740
f 648/974/965 1475/1558/1535 1483/482/481
f 1481/1448/1426 1482/1561/1538 1480/1562/640
f 1393/1290/1277 1385/1510/1487 1388/1548/1525
f 1386/1509/1486 1382/250/250 1383/1563/1539
f 1383/1563/1539 1388/1548/1525 1385/1510/1487
f 1350/797/792 1342/1564/1540 1341/793/788
f 1343/1623/1568 1338/794/789 1342/1564/1540
f 1341/793/788 1345/1622/1567 1350/797/792
f 888/1565/1541 889/467/466 890/697/692
f 890/697/692 887/884/878 888/1565/1541
f 662/325/324 661/20/20 1488/19/19
f 468/1536/1513 467/1566/1542 469/608/605
f 1003/1259/1246 1004/443/442 467/1566/1542
f 1481/1448/1426 1489/445/444 659/18/18
f 1475/1558/1535 1476/1559/1536 1474/813/808
f 1477/251/251 1478/823/818 1474/813/808
f 1496/803/798 1492/292/291 1494/1567/1543
f 669/233/233 668/1299/1284 1494/1567/1543
f 1529/1024/1015 1530/1023/1014 1531/886/880
f 662/325/324 1487/1557/1534 1495/1556/1533
f 1470/1552/1529 1468/503/500 1467/812/807
f 855/1213/1200 854/1143/1133 856/1568/1544
f 837/35/35 840/1049/1040 856/1568/1544
f 1453/1549/1526 1452/1569/1545 622/857/852
f 1465/1555/1532 631/1220/1207 1452/1569/1545
f 507/616/613 1066/1570/1546 508/1019/1010
f 124/685/680 123/684/679 1066/1570/1546
f 1066/1570/1546 125/1461/1439 124/685/680
f 669/233/233 1493/826/821 1503/825/820
f 492/276/276 487/567/564 1062/1276/1263
f 486/1447/1425 1058/1296/1282 487/567/564
f 1455/1000/991 1457/657/653 1458/656/652
f 1456/987/978 1458/656/652 1451/1571/1547
f 658/1129/1119 650/969/960 649/958/949
f 1511/665/661 1510/664/660 680/952/943
f 563/831/826 564/833/828 1450/835/830
f 1450/835/830 1451/1571/1547 563/831/826
f 1559/858/853 1557/853/848 1556/854/849
f 1566/565/562 1564/904/898 1563/903/897
f 1558/1572/1548 1556/854/849 1568/1477/1455
f 1565/563/560 1563/903/897 1457/657/653
f 1552/595/592 1550/852/847 1562/898/892
f 1522/1067/1058 1523/940/931 1521/941/932
f 1508/1012/1003 1509/953/944 1506/464/463
f 1547/332/331 1545/195/195 1544/868/863
f 1509/953/944 1510/664/660 1507/663/659
f 1553/597/594 1551/850/845 1550/852/847
f 137/196/196 1120/739/734 138/263/263
f 1119/740/735 139/158/158 138/263/263
f 919/1574/1550 920/1487/1465 921/1126/1117
f 921/1126/1117 917/1397/1380 919/1574/1550
f 1549/193/193 1548/331/330 1540/960/951
f 1336/1077/1068 1328/1076/1067 1331/25/25
f 1329/1455/1433 1325/1542/1519 1326/1575/1551
f 1326/1575/1551 1331/25/25 1328/1076/1067
f 454/586/583 453/752/747 998/1576/1552
f 332/403/402 330/358/357 998/1576/1552
f 1451/1571/1547 1450/835/830 1453/1549/1526
f 1452/1569/1545 1453/1549/1526 1450/835/830
f 1538/860/855 1540/960/951 1541/368/367
f 1526/1180/1168 1537/1215/1202 1536/1577/1553
f 355/460/459 354/1578/1554 356/414/413
f 1006/762/757 1005/313/312 354/1578/1554
f 1534/943/934 1535/929/920 1533/862/857
f 1554/1027/1018 1555/861/856 1551/850/845
f 1528/1062/1053 1529/1024/1015 1527/985/976
f 1512/917/909 1525/916/908 1524/1579/1555
f 638/708/703 1471/1551/1528 1470/1552/1529
f 1520/887/881 1531/886/880 1530/1023/1014
f 1505/1573/1549 1519/287/287 1518/1081/1072
f 1519/287/287 1514/286/286 1517/1445/1423
f 1515/1069/1060 1516/1075/1066 1513/847/842
f 1516/1075/1066 1517/1445/1423 1514/286/286
